"","Municipio","distrito","section","prioridad","prediccion"
"1","ACONCHI",4,260001,"Media alta",34.5267728180502
"2","ACONCHI",4,260002,"Media baja",27.2986875810307
"3","AGUA PRIETA",2,260003,"Media alta",31.5107830414662
"4","AGUA PRIETA",2,260004,"Baja",31.9378770276986
"5","AGUA PRIETA",2,260005,"Media baja",36.2746324286065
"6","AGUA PRIETA",2,260006,"Media alta",37.9529078775242
"7","AGUA PRIETA",2,260007,"Media alta",37.0444974598433
"8","AGUA PRIETA",2,260008,"Alta",34.5267804834883
"9","AGUA PRIETA",2,260009,"Alta",31.3353847403542
"10","AGUA PRIETA",2,260010,"Alta",36.218585349621
"11","AGUA PRIETA",2,260011,"Media alta",32.4850489746333
"12","AGUA PRIETA",2,260012,"Media alta",34.5387317024225
"13","AGUA PRIETA",2,260013,"Media baja",32.7045596686242
"14","AGUA PRIETA",2,260014,"Alta",29.3905140562086
"15","AGUA PRIETA",2,260015,"Media baja",32.0339447582451
"16","AGUA PRIETA",2,260016,"Media baja",25.2875524839627
"17","AGUA PRIETA",2,260017,"Alta",22.761410749516
"18","AGUA PRIETA",2,260018,"Media alta",26.8517046844649
"19","AGUA PRIETA",2,260019,"Alta",27.8388101706496
"20","AGUA PRIETA",2,260020,"Alta",27.6841838212464
"21","AGUA PRIETA",2,260021,"Alta",31.3896777477718
"22","AGUA PRIETA",2,260022,"Alta",27.7316721056705
"23","AGUA PRIETA",2,260023,"Alta",25.6593809571779
"24","AGUA PRIETA",2,260024,"Alta",25.2607497715704
"25","AGUA PRIETA",2,260025,"Alta",27.9417368260802
"26","AGUA PRIETA",2,260026,"Alta",20.2265117304757
"27","AGUA PRIETA",2,260027,"Baja",23.1574723178192
"28","AGUA PRIETA",2,260028,"Baja",19.0212455634717
"29","AGUA PRIETA",2,260031,"Alta",28.8201687941391
"30","AGUA PRIETA",2,260032,"Baja",25.4241554937588
"31","ALAMOS",7,261109,"Alta",21.1467211719704
"32","ALAMOS",7,261110,"Media alta",16.9192845553629
"33","ALAMOS",7,261111,"Media alta",26.4700607232704
"34","ALAMOS",7,261112,"Media alta",27.319564749324
"35","ALAMOS",7,261113,"Media baja",-6.95557229862801
"36","ALAMOS",7,261114,"Baja",-11.2515013626148
"37","ALAMOS",7,261115,"Media baja",24.1716671559106
"38","ALAMOS",7,261117,"Baja",22.5336855263943
"39","ALAMOS",7,261118,"Baja",20.9559129145594
"40","ALAMOS",7,261122,"Media baja",23.664334090997
"41","ALAMOS",7,261124,"Media alta",23.8266442685649
"42","ALAMOS",7,261125,"Media baja",22.1193930097087
"43","ALAMOS",7,261126,"Baja",11.4474472169122
"44","ALAMOS",7,261129,"Baja",20.0268447084276
"45","ALAMOS",7,261130,"Media baja",20.6136111463691
"46","ALAMOS",7,261131,"Media baja",25.2094703264603
"47","ALAMOS",7,261133,"Media baja",24.8486726550052
"48","ALAMOS",7,261134,"Media baja",16.4380285535734
"49","ALAMOS",7,261136,"Baja",25.8610307047425
"50","ALAMOS",7,261137,"Media baja",25.7317737765499
"51","ALTAR",1,260034,"Media alta",25.4697410670765
"52","ALTAR",1,260035,"Alta",29.1632496174649
"53","ALTAR",1,260037,"Baja",20.4445087478969
"54","ALTAR",1,261362,"Media baja",23.6004388612635
"55","ALTAR",1,261363,"Media baja",21.856742164073
"56","ALTAR",1,261364,"Media baja",25.5861719404084
"57","ALTAR",1,261365,"Media baja",23.1079264266049
"58","ARIVECHI",4,260038,"Media baja",37.0061064746352
"59","ARIVECHI",4,260040,"Baja",35.7465747468188
"60","ARIZPE",2,260041,"Media baja",34.5298449988976
"61","ARIZPE",2,260042,"Media alta",34.0036609939334
"62","ARIZPE",2,260043,"Media baja",33.4166295884563
"63","ARIZPE",2,260044,"Media baja",30.5652902090581
"64","ATIL",1,260046,"Media alta",36.221046141644
"65","BACADEHUACHI",4,260047,"Alta",35.9939869164666
"66","BACERAC",4,260052,"Media alta",31.5242019503423
"67","BACOACHI",2,260054,"Media alta",39.235423695845
"68","BACOACHI",2,260055,"Baja",37.779201470546
"69","BACUM",4,260760,"Alta",28.3803521126821
"70","BACUM",4,260761,"Alta",24.8785055580553
"71","BACUM",4,260762,"Media alta",8.53910344589136
"72","BACUM",4,260763,"Media baja",31.3660738228525
"73","BACUM",4,260764,"Media baja",28.6973962122279
"74","BACUM",4,260765,"Alta",26.1498987767222
"75","BACUM",4,260766,"Alta",34.737752789026
"76","BACUM",4,260767,"Media alta",23.0556228329807
"77","BACUM",4,260768,"Alta",17.543591900226
"78","BACUM",4,260769,"Media alta",28.7066451264612
"79","BACUM",4,260770,"Media baja",25.6793228967442
"80","BACUM",4,260771,"Alta",26.9958196043266
"81","BACUM",4,260772,"Media baja",21.1036214478776
"82","BANAMICHI",4,260056,"Media baja",35.116923125478
"83","BANAMICHI",4,260057,"Media baja",35.1531430514466
"84","BAVIACORA",4,260058,"Media baja",34.7928781782856
"85","BAVIACORA",4,260059,"Media baja",34.5149659159492
"86","BAVIACORA",4,260060,"Baja",32.4631256335781
"87","BAVIACORA",4,260061,"Baja",40.4257429198965
"88","BAVIACORA",4,260062,"Baja",38.615528371311
"89","BAVIACORA",4,260063,"Media baja",33.3579627384027
"90","BAVISPE",4,260064,"Media alta",30.0327247130288
"91","BAVISPE",4,260065,"Media baja",31.2200876616427
"92","BENITO JUAREZ",7,261142,"Media alta",24.7337046048695
"93","BENITO JUAREZ",7,261146,"Media baja",31.8374325102037
"94","BENITO JUAREZ",7,261147,"Alta",19.5749334812065
"95","BENITO JUAREZ",7,261148,"Media alta",24.9827332665992
"96","BENITO JUAREZ",7,261149,"Media alta",33.1278356587357
"97","BENITO JUAREZ",7,261150,"Alta",31.3988921406981
"98","BENITO JUAREZ",7,261151,"Media alta",24.5992109527132
"99","BENITO JUAREZ",7,261152,"Media alta",22.2062367789313
"100","BENITO JUAREZ",7,261155,"Alta",15.0334832105651
"101","BENITO JUAREZ",7,261156,"Alta",12.482482903477
"102","BENITO JUAREZ",7,261157,"Media baja",21.8158732407095
"103","BENITO JUAREZ",7,261331,"Media baja",23.0733016576058
"104","BENJAMIN HILL",4,260066,"Media alta",32.0316407868068
"105","BENJAMIN HILL",4,260067,"Media baja",32.2337553541666
"106","BENJAMIN HILL",4,260068,"Media alta",33.9213952324534
"107","BENJAMIN HILL",4,260069,"Media baja",30.4291458936408
"108","CABORCA",1,260292,"Alta",30.1124298292977
"109","CABORCA",1,260293,"Alta",33.2461936639335
"110","CABORCA",1,260294,"Alta",35.8850953933232
"111","CABORCA",1,260295,"Alta",25.5657908863991
"112","CABORCA",1,260296,"Alta",29.9791305137904
"113","CABORCA",1,260297,"Alta",28.111160468712
"114","CABORCA",1,260298,"Alta",37.1700646028593
"115","CABORCA",1,260299,"Media baja",36.5964338205268
"116","CABORCA",1,260300,"Media baja",41.4510412352399
"117","CABORCA",1,260301,"Media baja",44.6249105476894
"118","CABORCA",1,260302,"Media baja",40.9773404051008
"119","CABORCA",1,260303,"Media alta",38.2590792991552
"120","CABORCA",1,260304,"Alta",26.6317686595343
"121","CABORCA",1,260305,"Media alta",34.9786703157942
"122","CABORCA",1,260306,"Alta",29.7831520768827
"123","CABORCA",1,260308,"Alta",28.5312635908759
"124","CABORCA",1,260309,"Media baja",35.9545841115222
"125","CABORCA",1,260310,"Media alta",36.665974411051
"126","CABORCA",1,260311,"Media alta",30.2721711473278
"127","CABORCA",1,260312,"Media alta",43.3796607923169
"128","CABORCA",1,260313,"Media alta",38.6394123439711
"129","CABORCA",1,260314,"Alta",33.0712412338378
"130","CABORCA",1,260315,"Media baja",28.4123096762189
"131","CABORCA",1,260316,"Alta",26.760867400708
"132","CABORCA",1,260319,"Alta",18.6068381395579
"133","CABORCA",1,260320,"Alta",23.1040999311937
"134","CABORCA",1,260321,"Media baja",26.4575038452003
"135","CABORCA",1,260322,"Media alta",18.3842978669792
"136","CABORCA",1,260323,"Media baja",21.1638216932008
"137","CABORCA",1,260324,"Media baja",25.382222082081
"138","CABORCA",1,260325,"Baja",15.5354395713603
"139","CABORCA",1,260326,"Media alta",20.1698826199236
"140","CABORCA",1,260327,"Media baja",30.7371204640426
"141","CABORCA",1,260328,"Media baja",14.2418204760715
"142","CAJEME",6,260773,"Media alta",38.5526881115068
"143","CAJEME",6,260774,"Media baja",41.6720516343578
"144","CAJEME",6,260775,"Media baja",44.0391496369431
"145","CAJEME",6,260776,"Media baja",45.3651096845635
"146","CAJEME",6,260777,"Alta",44.7038669691071
"147","CAJEME",6,260778,"Media baja",33.2820923007702
"148","CAJEME",6,260780,"Alta",19.4739150336795
"149","CAJEME",6,260781,"Media baja",44.8747641554981
"150","CAJEME",6,260782,"Media baja",23.0881347228833
"151","CAJEME",6,260783,"Media alta",29.4990880768819
"152","CAJEME",6,260784,"Media baja",29.2460540362902
"153","CAJEME",6,260785,"Media alta",24.9928363025945
"154","CAJEME",6,260786,"Alta",30.2057971743647
"155","CAJEME",6,260787,"Media alta",36.9064069180242
"156","CAJEME",6,260788,"Media baja",44.6766851246385
"157","CAJEME",6,260789,"Media alta",34.0515758551832
"158","CAJEME",6,260790,"Media alta",31.5285986040026
"159","CAJEME",6,260791,"Media baja",35.1372880953466
"160","CAJEME",6,260792,"Media alta",42.5890209335404
"161","CAJEME",6,260793,"Media baja",44.552290840606
"162","CAJEME",6,260794,"Alta",28.361190535443
"163","CAJEME",6,260795,"Alta",46.0950224456481
"164","CAJEME",6,260796,"Media alta",35.2648818052418
"165","CAJEME",6,260797,"Media baja",40.5100509726929
"166","CAJEME",6,260798,"Media baja",28.7396922129504
"167","CAJEME",6,260799,"Media baja",37.5934806884006
"168","CAJEME",6,260800,"Media baja",36.9723006952393
"169","CAJEME",6,260801,"Media baja",39.2636659171058
"170","CAJEME",6,260802,"Media baja",45.5566033546873
"171","CAJEME",6,260803,"Media baja",41.1409349345171
"172","CAJEME",6,260804,"Media baja",43.0239479053756
"173","CAJEME",6,260805,"Media baja",42.2457523995375
"174","CAJEME",6,260806,"Media alta",44.970328190249
"175","CAJEME",6,260807,"Alta",39.1462794588093
"176","CAJEME",6,260809,"Media baja",37.1316624642624
"177","CAJEME",6,260810,"Media alta",44.3509129510459
"178","CAJEME",6,260811,"Media alta",41.4198514878057
"179","CAJEME",6,260812,"Media alta",39.3590598567726
"180","CAJEME",6,260813,"Media baja",35.2186817579329
"181","CAJEME",6,260814,"Media alta",36.2383810836228
"182","CAJEME",6,260815,"Media baja",38.0773407988736
"183","CAJEME",6,260816,"Media baja",41.2508118937207
"184","CAJEME",6,260817,"Media baja",40.2356244534632
"185","CAJEME",6,260818,"Media baja",43.800538572268
"186","CAJEME",6,260819,"Baja",40.1479735481797
"187","CAJEME",6,260820,"Media baja",36.222634167714
"188","CAJEME",6,260821,"Baja",32.8070402871772
"189","CAJEME",6,260822,"Alta",40.7083681628649
"190","CAJEME",6,260823,"Media alta",42.777999949098
"191","CAJEME",6,260824,"Media baja",38.7649799483982
"192","CAJEME",6,260825,"Media baja",41.9010575831184
"193","CAJEME",6,260826,"Media baja",42.4371838281154
"194","CAJEME",6,260827,"Media baja",41.9825588209753
"195","CAJEME",6,260828,"Media baja",39.8257805846617
"196","CAJEME",6,260830,"Alta",31.1441991084901
"197","CAJEME",6,260831,"Media alta",44.6934134524187
"198","CAJEME",6,260832,"Media baja",36.0295103700268
"199","CAJEME",6,260833,"Media alta",38.0342599729966
"200","CAJEME",6,260834,"Baja",39.2248004432256
"201","CAJEME",6,260835,"Media baja",40.8141630950277
"202","CAJEME",6,260836,"Media baja",35.4951227077999
"203","CAJEME",6,260837,"Media baja",33.7304058691225
"204","CAJEME",6,260838,"Media baja",34.3087639682778
"205","CAJEME",6,260839,"Media baja",42.1545099775432
"206","CAJEME",6,260840,"Media baja",38.4234735967515
"207","CAJEME",6,260841,"Media baja",41.0231544661196
"208","CAJEME",6,260842,"Alta",40.9732016353256
"209","CAJEME",6,260843,"Media alta",41.1879098939165
"210","CAJEME",6,260844,"Alta",39.6046637845777
"211","CAJEME",6,260845,"Media baja",39.157106715177
"212","CAJEME",6,260846,"Media alta",42.476589054916
"213","CAJEME",6,260847,"Media baja",42.3514063691466
"214","CAJEME",6,260848,"Media baja",36.738265234653
"215","CAJEME",6,260849,"Media alta",38.6830111241944
"216","CAJEME",6,260850,"Media baja",40.8020170216575
"217","CAJEME",6,260851,"Media baja",38.4611974627557
"218","CAJEME",6,260852,"Media baja",39.792188742485
"219","CAJEME",6,260853,"Media baja",39.8856100850067
"220","CAJEME",6,260854,"Media baja",40.1733268207795
"221","CAJEME",6,260855,"Media alta",39.3305933038797
"222","CAJEME",6,260856,"Media alta",39.6516518262059
"223","CAJEME",6,260857,"Alta",36.3706135210955
"224","CAJEME",6,260858,"Alta",33.1411410590592
"225","CAJEME",6,260859,"Media baja",37.452074387889
"226","CAJEME",6,260860,"Media baja",37.5389920069116
"227","CAJEME",6,260861,"Media alta",38.5789648755827
"228","CAJEME",6,260862,"Media alta",37.225124083499
"229","CAJEME",6,260863,"Media baja",35.3878302979629
"230","CAJEME",6,260864,"Media baja",39.3037996810633
"231","CAJEME",6,260865,"Media alta",39.4017008780936
"232","CAJEME",6,260866,"Media alta",32.896304048946
"233","CAJEME",6,260867,"Media alta",38.1084254000689
"234","CAJEME",6,260868,"Media baja",39.8097699098192
"235","CAJEME",6,260869,"Alta",37.0935772925832
"236","CAJEME",6,260870,"Media baja",38.0217429614498
"237","CAJEME",6,260871,"Media alta",33.6045267816338
"238","CAJEME",6,260872,"Media baja",35.5148785716613
"239","CAJEME",6,260873,"Media baja",36.4564128393449
"240","CAJEME",6,260874,"Media baja",39.107443592577
"241","CAJEME",6,260875,"Media alta",37.3569742657123
"242","CAJEME",6,260876,"Media baja",32.4825490404245
"243","CAJEME",6,260877,"Media baja",30.6887408153309
"244","CAJEME",6,260878,"Media baja",37.9043849592793
"245","CAJEME",6,260879,"Media baja",34.8269252821996
"246","CAJEME",6,260880,"Media baja",35.6486966416684
"247","CAJEME",6,260881,"Media alta",36.6028180236221
"248","CAJEME",6,260882,"Media alta",39.2440658651599
"249","CAJEME",6,260883,"Alta",34.5711985103615
"250","CAJEME",6,260884,"Alta",35.5048635679267
"251","CAJEME",6,260885,"Media baja",36.2295132465699
"252","CAJEME",6,260886,"Media baja",38.5902695833001
"253","CAJEME",6,260887,"Alta",30.3039716787477
"254","CAJEME",6,260888,"Alta",26.9366191795364
"255","CAJEME",6,260889,"Media alta",30.3236872024472
"256","CAJEME",6,260890,"Media alta",31.8919095733808
"257","CAJEME",6,260891,"Media baja",32.028233960554
"258","CAJEME",6,260892,"Media baja",30.6083648202296
"259","CAJEME",6,260893,"Media baja",30.07893603132
"260","CAJEME",6,260894,"Media alta",37.7056597393679
"261","CAJEME",6,260895,"Media baja",36.6568839365558
"262","CAJEME",6,260896,"Media alta",41.5025194644664
"263","CAJEME",6,260897,"Media alta",37.6425575330776
"264","CAJEME",6,260898,"Media baja",35.7075047770263
"265","CAJEME",6,260899,"Media alta",36.7709162526852
"266","CAJEME",6,260900,"Media baja",34.7890941576184
"267","CAJEME",6,260901,"Alta",30.1820151824503
"268","CAJEME",6,260902,"Media baja",33.5974814136877
"269","CAJEME",6,260903,"Media alta",28.6106425850425
"270","CAJEME",6,260904,"Media alta",28.5010729756158
"271","CAJEME",6,260905,"Media baja",31.4831556650276
"272","CAJEME",6,260906,"Media alta",29.9595390788409
"273","CAJEME",6,260907,"Alta",26.3185057533747
"274","CAJEME",6,260908,"Alta",32.4559509312407
"275","CAJEME",6,260909,"Alta",33.8228618486393
"276","CAJEME",6,260910,"Alta",30.7285259391352
"277","CAJEME",6,260911,"Alta",27.5996980488518
"278","CAJEME",6,260912,"Alta",28.5508505623289
"279","CAJEME",6,260913,"Media alta",34.5412656138826
"280","CAJEME",6,260914,"Media baja",35.3395194185874
"281","CAJEME",6,260915,"Alta",26.3715255000838
"282","CAJEME",6,260916,"Alta",26.8391474505558
"283","CAJEME",6,260917,"Media baja",37.4282323194691
"284","CAJEME",6,260918,"Media baja",31.4508016784712
"285","CAJEME",6,260919,"Alta",28.4323638909801
"286","CAJEME",6,260920,"Alta",22.0300890470921
"287","CAJEME",6,260921,"Media baja",28.8228350143955
"288","CAJEME",6,260922,"Media alta",36.159609915107
"289","CAJEME",6,260923,"Media baja",36.95115553626
"290","CAJEME",6,260924,"Media alta",30.9341418239061
"291","CAJEME",6,260925,"Media alta",38.6605944469643
"292","CAJEME",6,260926,"Media baja",32.9561994533873
"293","CAJEME",6,260927,"Media baja",33.6525150715784
"294","CAJEME",6,260928,"Media alta",23.0682924645405
"295","CAJEME",6,260929,"Media alta",38.0400444325901
"296","CAJEME",6,260930,"Media alta",28.230473115653
"297","CAJEME",6,260931,"Media alta",35.9664784160175
"298","CAJEME",6,260932,"Media alta",36.6662517089087
"299","CAJEME",6,260934,"Media baja",24.6826681071882
"300","CAJEME",6,260935,"Media baja",25.6545604276555
"301","CAJEME",6,260936,"Alta",21.0960600023183
"302","CAJEME",6,260937,"Media alta",32.1420718353617
"303","CAJEME",6,260938,"Media baja",28.2409966363076
"304","CAJEME",6,260939,"Media alta",25.9218475059652
"305","CAJEME",6,260940,"Media alta",34.2186370251247
"306","CAJEME",6,260941,"Media baja",25.0330728166949
"307","CAJEME",6,260942,"Media alta",22.4417929427848
"308","CAJEME",6,260943,"Media alta",38.4108195716108
"309","CAJEME",6,260944,"Media baja",33.4959822957938
"310","CAJEME",6,260945,"Alta",24.613634498683
"311","CAJEME",6,260946,"Media baja",31.9031148992356
"312","CAJEME",6,260947,"Media alta",35.1052362944592
"313","CAJEME",6,260948,"Media alta",26.0781255125002
"314","CAJEME",6,260949,"Alta",31.5516085941568
"315","CAJEME",6,260950,"Media baja",38.9244788327319
"316","CAJEME",6,260951,"Alta",28.870661223754
"317","CAJEME",6,260952,"Media alta",31.5912712839671
"318","CAJEME",6,260953,"Media baja",26.9063947396336
"319","CAJEME",6,260954,"Media alta",32.4198669781434
"320","CAJEME",6,260955,"Media baja",17.0924555425291
"321","CAJEME",6,260956,"Alta",30.3481976280112
"322","CAJEME",6,260957,"Media alta",30.4512445268698
"323","CAJEME",6,260958,"Media alta",28.5046361703012
"324","CAJEME",6,260959,"Media alta",29.0483396109809
"325","CAJEME",6,260960,"Media alta",23.7827713820857
"326","CAJEME",6,260961,"Media alta",28.0805104870102
"327","CAJEME",6,260962,"Media baja",23.541644688184
"328","CAJEME",6,260963,"Media alta",16.2549158615777
"329","CAJEME",6,260964,"Media alta",24.3288763798588
"330","CAJEME",6,260965,"Media baja",26.3431867322599
"331","CAJEME",6,260966,"Alta",26.9679935470625
"332","CAJEME",6,260967,"Media baja",25.7036627733716
"333","CAJEME",6,260968,"Media baja",27.6929984241546
"334","CAJEME",6,260969,"Media baja",32.1617830763062
"335","CAJEME",6,260970,"Media baja",34.1623671830689
"336","CAJEME",6,260971,"Media alta",26.6686561141533
"337","CAJEME",6,260972,"Media baja",22.0628473189668
"338","CAJEME",6,260973,"Media alta",25.7926431283166
"339","CAJEME",6,260974,"Alta",23.1357929785935
"340","CAJEME",6,260975,"Media alta",29.2866041272596
"341","CAJEME",6,260976,"Media alta",11.1773798473767
"342","CAJEME",6,260977,"Media alta",27.7168126641137
"343","CAJEME",6,260978,"Media alta",31.2177004600372
"344","CAJEME",6,260979,"Media baja",31.7020913521188
"345","CAJEME",6,260980,"Media baja",27.1635125115612
"346","CAJEME",6,260981,"Media baja",26.3994395157177
"347","CAJEME",6,260983,"Media baja",26.1185749543147
"348","CAJEME",6,260984,"Media baja",20.7629894595515
"349","CAJEME",6,260985,"Media baja",25.5725431248825
"350","CAJEME",6,260986,"Media baja",20.9243779612633
"351","CAJEME",6,260987,"Media baja",24.679749479593
"352","CAJEME",6,260988,"Baja",13.7546882787204
"353","CAJEME",6,260989,"Baja",30.0670240870887
"354","CAJEME",6,260990,"Baja",23.359956179274
"355","CAJEME",6,260991,"Alta",22.4254334881148
"356","CANANEA",2,260070,"Media alta",34.6795024752901
"357","CANANEA",2,260071,"Media alta",37.1080666836621
"358","CANANEA",2,260072,"Media alta",35.4987202850389
"359","CANANEA",2,260073,"Alta",35.0894797943184
"360","CANANEA",2,260074,"Alta",39.8431599035757
"361","CANANEA",2,260075,"Alta",35.4872888414694
"362","CANANEA",2,260076,"Media baja",38.7869288688704
"363","CANANEA",2,260077,"Media baja",40.3105887629119
"364","CANANEA",2,260078,"Media alta",36.6828339403735
"365","CANANEA",2,260079,"Media baja",36.112550412061
"366","CANANEA",2,260080,"Media baja",33.3760563841911
"367","CANANEA",2,260081,"Media baja",38.8568800442446
"368","CANANEA",2,260082,"Alta",38.3274899485716
"369","CANANEA",2,260083,"Alta",30.912774450351
"370","CANANEA",2,260084,"Media alta",33.8912850926082
"371","CANANEA",2,260085,"Media baja",36.9891872547543
"372","CANANEA",2,260086,"Baja",33.6636837284027
"373","CANANEA",2,260087,"Baja",32.5166538141429
"374","CANANEA",2,260088,"Media baja",34.5451243820052
"375","CARBO",4,260329,"Alta",25.7193202946791
"376","CARBO",4,260330,"Media baja",30.460791782062
"377","CUCURPE",2,260089,"Media baja",38.3276467713233
"378","CUMPAS",4,260092,"Media baja",41.2688947995751
"379","CUMPAS",4,260093,"Media alta",38.2039991299093
"380","CUMPAS",4,260094,"Media alta",37.9941556655823
"381","CUMPAS",4,260096,"Media alta",38.3814714926828
"382","CUMPAS",4,260097,"Media baja",40.0201376922959
"383","CUMPAS",4,260098,"Media baja",40.580540113811
"384","CUMPAS",4,260099,"Media baja",40.7046130078378
"385","DIVISADEROS",4,260100,"Alta",36.2663727558762
"386","EMPALME",4,260992,"Media alta",22.9581379956489
"387","EMPALME",4,260993,"Media baja",26.4570503223747
"388","EMPALME",4,260994,"Media alta",27.6530235808091
"389","EMPALME",4,260995,"Media baja",24.9241861748074
"390","EMPALME",4,260996,"Media alta",29.9783759052052
"391","EMPALME",4,260997,"Media baja",26.9921559892348
"392","EMPALME",4,260998,"Baja",29.2599912260857
"393","EMPALME",4,260999,"Alta",30.6764191938031
"394","EMPALME",4,261000,"Alta",36.8401318523146
"395","EMPALME",4,261001,"Media baja",36.0251191196743
"396","EMPALME",4,261002,"Media baja",32.8373168875127
"397","EMPALME",4,261003,"Media alta",33.6460878962726
"398","EMPALME",4,261004,"Media alta",32.9277978420003
"399","EMPALME",4,261005,"Media baja",20.7478836710606
"400","EMPALME",4,261006,"Media alta",20.3809710738958
"401","EMPALME",4,261007,"Media baja",35.9010531631366
"402","EMPALME",4,261008,"Media baja",37.0172407611008
"403","EMPALME",4,261009,"Media baja",38.4026686044025
"404","EMPALME",4,261010,"Media alta",37.5586146692988
"405","EMPALME",4,261011,"Baja",40.6522273229935
"406","EMPALME",4,261012,"Media baja",32.0797738574491
"407","EMPALME",4,261013,"Alta",31.3360862130516
"408","EMPALME",4,261014,"Media alta",36.0386574674237
"409","EMPALME",4,261015,"Alta",21.7207881763662
"410","EMPALME",4,261016,"Media baja",16.7133288469061
"411","EMPALME",4,261017,"Alta",24.1084424963775
"412","EMPALME",4,261018,"Media baja",32.864958632288
"413","EMPALME",4,261019,"Media baja",10.1122449325966
"414","EMPALME",4,261020,"Media alta",20.8539115582686
"415","EMPALME",4,261021,"Media alta",16.9206269327117
"416","ETCHOJOA",7,261138,"Alta",24.0368195933434
"417","ETCHOJOA",7,261139,"Media alta",34.3960575300657
"418","ETCHOJOA",7,261140,"Alta",25.59733643224
"419","ETCHOJOA",7,261141,"Alta",17.8350886149817
"420","ETCHOJOA",7,261143,"Baja",31.2713404277772
"421","ETCHOJOA",7,261144,"Baja",37.4499887973626
"422","ETCHOJOA",7,261145,"Media alta",28.5996887332272
"423","ETCHOJOA",7,261153,"Media alta",0.957769738072543
"424","ETCHOJOA",7,261154,"Baja",10.8730328998736
"425","ETCHOJOA",7,261158,"Media alta",16.9559013254155
"426","ETCHOJOA",7,261159,"Media alta",9.88542424698488
"427","ETCHOJOA",7,261161,"Media alta",11.2494075139894
"428","ETCHOJOA",7,261162,"Media alta",15.8092940303248
"429","ETCHOJOA",7,261163,"Media alta",18.7963767553162
"430","ETCHOJOA",7,261164,"Media baja",13.8415282317407
"431","ETCHOJOA",7,261165,"Media alta",25.6480889158777
"432","ETCHOJOA",7,261166,"Media alta",15.1882981849388
"433","ETCHOJOA",7,261167,"Media baja",24.2092789821607
"434","ETCHOJOA",7,261168,"Media alta",25.9305195902458
"435","ETCHOJOA",7,261169,"Media baja",20.1911667114437
"436","ETCHOJOA",7,261170,"Media alta",32.8634340956159
"437","ETCHOJOA",7,261171,"Media alta",26.2555516757644
"438","ETCHOJOA",7,261172,"Media baja",31.3683493171323
"439","ETCHOJOA",7,261173,"Baja",30.4923590842613
"440","ETCHOJOA",7,261174,"Alta",19.6820938684835
"441","ETCHOJOA",7,261175,"Media baja",19.3617794963869
"442","ETCHOJOA",7,261176,"Media baja",8.44056718853796
"443","ETCHOJOA",7,261177,"Media alta",22.0608714860611
"444","ETCHOJOA",7,261178,"Media alta",32.6542783312941
"445","ETCHOJOA",7,261179,"Media baja",14.970412093288
"446","ETCHOJOA",7,261180,"Media alta",0.302329560724857
"447","ETCHOJOA",7,261181,"Alta",14.0362729445687
"448","ETCHOJOA",7,261182,"Media alta",9.5189158048364
"449","ETCHOJOA",7,261183,"Alta",12.6879633062092
"450","ETCHOJOA",7,261184,"Alta",13.2761824950552
"451","ETCHOJOA",7,261185,"Media alta",23.9075252902407
"452","ETCHOJOA",7,261186,"Media alta",27.1185820412603
"453","ETCHOJOA",7,261187,"Media alta",22.0299451770325
"454","ETCHOJOA",7,261188,"Media alta",5.45224951243902
"455","FRONTERAS",2,260101,"Media alta",34.4897843821793
"456","FRONTERAS",2,260102,"Baja",31.0980678647288
"457","FRONTERAS",2,260103,"Alta",31.5671447108295
"458","FRONTERAS",2,260104,"Alta",27.954990620815
"459","FRONTERAS",2,260105,"Alta",27.4258678137311
"460","GENERAL PLUTARCO ELIAS CALLES",1,261323,"Alta",24.365958445543
"461","GENERAL PLUTARCO ELIAS CALLES",1,261324,"Alta",26.9969258366456
"462","GENERAL PLUTARCO ELIAS CALLES",1,261325,"Media alta",23.4103782420714
"463","GENERAL PLUTARCO ELIAS CALLES",1,261326,"Alta",22.2616367008672
"464","GENERAL PLUTARCO ELIAS CALLES",1,261327,"Media baja",27.7877686527751
"465","GENERAL PLUTARCO ELIAS CALLES",1,261328,"Media baja",31.8140825891046
"466","GENERAL PLUTARCO ELIAS CALLES",1,261329,"Media alta",27.5209073138868
"467","GENERAL PLUTARCO ELIAS CALLES",1,261330,"Media baja",30.3629618536097
"468","GRANADOS",4,260106,"Media alta",37.8745636988726
"469","GUAYMAS",4,261024,"Media alta",42.3541170823172
"470","GUAYMAS",4,261025,"Media baja",36.1857990340289
"471","GUAYMAS",4,261026,"Media baja",32.6415356092033
"472","GUAYMAS",4,261027,"Media baja",35.9738307553489
"473","GUAYMAS",4,261028,"Media alta",33.4679099028265
"474","GUAYMAS",4,261029,"Media baja",33.9430100504248
"475","GUAYMAS",4,261030,"Baja",31.0758624639418
"476","GUAYMAS",4,261031,"Media baja",25.8441794650834
"477","GUAYMAS",4,261033,"Media baja",22.2188116114495
"478","GUAYMAS",4,261034,"Media alta",32.147936099922
"479","GUAYMAS",4,261035,"Media baja",28.6517092379479
"480","GUAYMAS",4,261036,"Media baja",28.9249797215318
"481","GUAYMAS",4,261037,"Media baja",29.4116533130267
"482","GUAYMAS",4,261038,"Media baja",31.5805178187644
"483","GUAYMAS",4,261039,"Media baja",34.9218036325611
"484","GUAYMAS",4,261040,"Media alta",41.9261685044473
"485","GUAYMAS",4,261041,"Alta",38.9429320218978
"486","GUAYMAS",4,261042,"Media alta",37.2304608143805
"487","GUAYMAS",4,261043,"Alta",38.9044120070448
"488","GUAYMAS",4,261044,"Alta",38.2417703637506
"489","GUAYMAS",4,261045,"Alta",35.1097837723376
"490","GUAYMAS",4,261046,"Media baja",33.6394916286718
"491","GUAYMAS",4,261047,"Alta",30.2984202172078
"492","GUAYMAS",4,261048,"Alta",37.8632252166582
"493","GUAYMAS",4,261049,"Media baja",37.4053984018183
"494","GUAYMAS",4,261050,"Media baja",36.609072115711
"495","GUAYMAS",4,261051,"Media alta",32.0732668469878
"496","GUAYMAS",4,261052,"Media baja",34.6547467419747
"497","GUAYMAS",4,261053,"Media baja",33.313992200361
"498","GUAYMAS",4,261054,"Media baja",33.5983976602291
"499","GUAYMAS",4,261055,"Media baja",37.0213328565136
"500","GUAYMAS",4,261056,"Media baja",30.0999002335233
"501","GUAYMAS",4,261057,"Media baja",28.4435001515183
"502","GUAYMAS",4,261058,"Media alta",42.2610345044093
"503","GUAYMAS",4,261059,"Alta",30.3395834958819
"504","GUAYMAS",4,261060,"Media baja",28.0491206258687
"505","GUAYMAS",4,261061,"Media baja",32.6314138246547
"506","GUAYMAS",4,261062,"Media baja",37.7514429055883
"507","GUAYMAS",4,261063,"Media baja",35.3058243589844
"508","GUAYMAS",4,261064,"Media baja",35.4448126401247
"509","GUAYMAS",4,261065,"Media baja",31.7352449068059
"510","GUAYMAS",4,261066,"Media alta",26.4119886369887
"511","GUAYMAS",4,261067,"Media baja",36.2995646354047
"512","GUAYMAS",4,261068,"Media alta",28.5696223928508
"513","GUAYMAS",4,261069,"Alta",27.8532802555302
"514","GUAYMAS",4,261070,"Media alta",33.6410806376193
"515","GUAYMAS",4,261071,"Media alta",35.8606847457696
"516","GUAYMAS",4,261072,"Media alta",33.0013792606415
"517","GUAYMAS",4,261073,"Media alta",33.9778633782287
"518","GUAYMAS",4,261074,"Media baja",29.9838404365708
"519","GUAYMAS",4,261075,"Media alta",31.3145605896589
"520","GUAYMAS",4,261076,"Alta",23.2650216900919
"521","GUAYMAS",4,261078,"Media baja",24.8123402556132
"522","GUAYMAS",4,261079,"Alta",25.4246111088123
"523","GUAYMAS",4,261080,"Media baja",35.5373245543194
"524","GUAYMAS",4,261081,"Media baja",33.4948590833239
"525","GUAYMAS",4,261082,"Alta",34.6444861601924
"526","GUAYMAS",4,261083,"Media alta",24.937945668154
"527","GUAYMAS",4,261084,"Media baja",22.2827491193388
"528","GUAYMAS",4,261087,"Baja",14.2097185037893
"529","GUAYMAS",4,261088,"Media baja",-1.08628698846799
"530","GUAYMAS",4,261089,"Media alta",16.6293119023735
"531","GUAYMAS",4,261090,"Media alta",27.4471112423474
"532","GUAYMAS",4,261091,"Media alta",5.35785432236055
"533","GUAYMAS",4,261092,"Media baja",12.9068105182093
"534","GUAYMAS",4,261093,"Media alta",11.1341374173259
"535","GUAYMAS",4,261094,"Media alta",23.8042602534495
"536","GUAYMAS",4,261095,"Media alta",10.975194702362
"537","GUAYMAS",4,261096,"Media baja",23.1708461949872
"538","GUAYMAS",4,261097,"Alta",1.84343704061139
"539","GUAYMAS",4,261098,"Alta",4.17620028908243
"540","GUAYMAS",4,261099,"Media alta",-1.1416052112249
"541","GUAYMAS",4,261100,"Media baja",11.8936547106335
"542","GUAYMAS",4,261515,"Media alta",27.4726222562379
"543","GUAYMAS",4,261516,"Media baja",24.858586152065
"544","GUAYMAS",4,261517,"Media alta",40.4047054001368
"545","GUAYMAS",4,261518,"Media alta",27.128897290348
"546","GUAYMAS",4,261519,"Media alta",32.0469026215825
"547","GUAYMAS",4,261520,"Media baja",26.1808939669801
"548","GUAYMAS",4,261521,"Media alta",27.7886055257608
"549","GUAYMAS",4,261522,"Media baja",28.8897050031663
"550","GUAYMAS",4,261523,"Media alta",25.2927558948808
"551","GUAYMAS",4,261524,"Media alta",31.3367233639546
"552","GUAYMAS",4,261525,"Media alta",40.7472997124287
"553","GUAYMAS",4,261526,"Media alta",29.9789605244012
"554","GUAYMAS",4,261527,"Media baja",29.8391732933839
"555","GUAYMAS",4,261528,"Media alta",40.0416711756943
"556","HERMOSILLO",3,260336,"Alta",34.3058633107567
"557","HERMOSILLO",3,260337,"Alta",42.8185207676627
"558","HERMOSILLO",3,260338,"Alta",43.130201952301
"559","HERMOSILLO",3,260339,"Alta",44.8282330462394
"560","HERMOSILLO",3,260340,"Alta",41.8890426488088
"561","HERMOSILLO",3,260342,"Alta",49.5193085878666
"562","HERMOSILLO",3,260343,"Alta",44.0622270922128
"563","HERMOSILLO",3,260345,"Alta",90.5892275977169
"564","HERMOSILLO",3,260346,"Media baja",69.7146227809893
"565","HERMOSILLO",3,260347,"Alta",43.5097321730298
"566","HERMOSILLO",3,260348,"Media alta",75.3067359900532
"567","HERMOSILLO",3,260349,"Media baja",82.0352070963194
"568","HERMOSILLO",3,260350,"Alta",47.177093676193
"569","HERMOSILLO",3,260351,"Alta",44.9005709243923
"570","HERMOSILLO",3,260353,"Media baja",50.0619422601352
"571","HERMOSILLO",3,260354,"Media alta",43.9506323425902
"572","HERMOSILLO",3,260355,"Media alta",57.2424684771177
"573","HERMOSILLO",3,260356,"Media alta",49.8258224498293
"574","HERMOSILLO",3,260357,"Media alta",65.0197247263051
"575","HERMOSILLO",3,260358,"Media alta",50.4091309403572
"576","HERMOSILLO",3,260359,"Alta",50.905460567063
"577","HERMOSILLO",3,260360,"Alta",53.1390850360292
"578","HERMOSILLO",3,260361,"Media baja",43.4054688073035
"579","HERMOSILLO",3,260362,"Media alta",53.7259092301122
"580","HERMOSILLO",3,260363,"Media baja",52.3040569655674
"581","HERMOSILLO",3,260364,"Media alta",52.2201854824505
"582","HERMOSILLO",3,260365,"Media alta",44.9050418798273
"583","HERMOSILLO",3,260366,"Media alta",47.2806466222023
"584","HERMOSILLO",3,260367,"Alta",62.753839036805
"585","HERMOSILLO",3,260368,"Media baja",49.626370781606
"586","HERMOSILLO",3,260369,"Media alta",56.9956624543217
"587","HERMOSILLO",3,260370,"Media alta",48.2771746331089
"588","HERMOSILLO",3,260371,"Media baja",53.5583081118399
"589","HERMOSILLO",3,260372,"Media alta",46.4838654815655
"590","HERMOSILLO",3,260373,"Media alta",44.5152848876311
"591","HERMOSILLO",3,260374,"Alta",31.1671648912449
"592","HERMOSILLO",3,260375,"Alta",49.4741071782989
"593","HERMOSILLO",3,260376,"Alta",50.9610602288656
"594","HERMOSILLO",3,260377,"Media alta",53.4042238169631
"595","HERMOSILLO",3,260378,"Media alta",50.9976264896252
"596","HERMOSILLO",3,260379,"Media alta",47.9505633401398
"597","HERMOSILLO",3,260380,"Media alta",59.1121355659106
"598","HERMOSILLO",3,260381,"Media alta",54.4462150127424
"599","HERMOSILLO",3,260382,"Media alta",55.7622688204387
"600","HERMOSILLO",3,260383,"Media baja",45.2371115490665
"601","HERMOSILLO",3,260384,"Alta",44.2175592674829
"602","HERMOSILLO",3,260385,"Media alta",58.9182779285487
"603","HERMOSILLO",3,260386,"Alta",48.3538125876331
"604","HERMOSILLO",3,260387,"Alta",46.8133113063188
"605","HERMOSILLO",3,260388,"Media alta",47.6654673452114
"606","HERMOSILLO",3,260389,"Media alta",47.3191675611722
"607","HERMOSILLO",3,260390,"Alta",55.6622701976373
"608","HERMOSILLO",3,260392,"Alta",55.7031278558104
"609","HERMOSILLO",3,260393,"Alta",49.093319156966
"610","HERMOSILLO",3,260394,"Alta",53.9323355210667
"611","HERMOSILLO",3,260395,"Media baja",48.6442096732358
"612","HERMOSILLO",3,260396,"Media alta",50.9351808882769
"613","HERMOSILLO",3,260397,"Media alta",52.5380926241227
"614","HERMOSILLO",3,260398,"Media alta",53.221491452814
"615","HERMOSILLO",3,260399,"Media alta",47.023842558694
"616","HERMOSILLO",3,260400,"Alta",45.1341048165473
"617","HERMOSILLO",3,260401,"Alta",50.4471988739746
"618","HERMOSILLO",3,260402,"Alta",40.5768539809658
"619","HERMOSILLO",3,260403,"Alta",46.7490324375793
"620","HERMOSILLO",3,260404,"Media alta",51.362801226578
"621","HERMOSILLO",3,260405,"Media baja",50.4577273974539
"622","HERMOSILLO",3,260406,"Media alta",57.5771047411117
"623","HERMOSILLO",3,260407,"Media baja",49.065200808176
"624","HERMOSILLO",3,260408,"Media alta",50.8662727439474
"625","HERMOSILLO",3,260409,"Media alta",51.0467916484129
"626","HERMOSILLO",3,260410,"Media alta",50.4749473821011
"627","HERMOSILLO",3,260411,"Media alta",54.6429203509914
"628","HERMOSILLO",3,260420,"Media alta",61.7442119055327
"629","HERMOSILLO",3,260421,"Media alta",53.7899904036415
"630","HERMOSILLO",3,260422,"Media baja",44.6279810801634
"631","HERMOSILLO",3,260423,"Media baja",45.0568809459919
"632","HERMOSILLO",3,260424,"Media alta",49.7378444358287
"633","HERMOSILLO",3,260425,"Media alta",49.7767494401532
"634","HERMOSILLO",3,260426,"Media alta",44.9627953541941
"635","HERMOSILLO",3,260427,"Alta",55.2987671567197
"636","HERMOSILLO",3,260428,"Alta",48.5248823581495
"637","HERMOSILLO",3,260429,"Alta",47.4182387890425
"638","HERMOSILLO",3,260430,"Alta",43.7486676598469
"639","HERMOSILLO",3,260431,"Alta",47.616237855338
"640","HERMOSILLO",3,260432,"Media baja",49.6692429293837
"641","HERMOSILLO",3,260433,"Media alta",52.0301515471175
"642","HERMOSILLO",3,260434,"Media alta",40.9275305204249
"643","HERMOSILLO",3,260435,"Media baja",57.68943277874
"644","HERMOSILLO",3,260436,"Media baja",58.3872093942733
"645","HERMOSILLO",3,260437,"Media baja",48.4658412742166
"646","HERMOSILLO",3,260438,"Media alta",67.7502693199374
"647","HERMOSILLO",3,260444,"Media alta",59.0028863413034
"648","HERMOSILLO",3,260445,"Media baja",61.0017990991939
"649","HERMOSILLO",3,260446,"Media baja",47.0245348925195
"650","HERMOSILLO",3,260447,"Media baja",48.7897491849342
"651","HERMOSILLO",3,260448,"Alta",39.2950288567608
"652","HERMOSILLO",3,260449,"Alta",40.8407503009937
"653","HERMOSILLO",3,260454,"Media alta",52.5076774675515
"654","HERMOSILLO",3,260590,"Alta",38.7464598311371
"655","HERMOSILLO",3,260591,"Baja",13.8630017729362
"656","HERMOSILLO",3,260597,"Baja",7.48481676793335
"657","HERMOSILLO",3,260598,"Alta",15.5275895313314
"658","HERMOSILLO",3,260599,"Baja",-3.60524528075386
"659","HERMOSILLO",3,260600,"Media baja",20.7157647400163
"660","HERMOSILLO",3,260601,"Alta",8.20909625332504
"661","HERMOSILLO",3,260602,"Media alta",19.471579886624
"662","HERMOSILLO",3,260603,"Alta",18.4165978156319
"663","HERMOSILLO",3,260604,"Alta",13.5325860621006
"664","HERMOSILLO",3,260605,"Alta",16.8070658354507
"665","HERMOSILLO",3,260616,"Media baja",6.13108925311769
"666","HERMOSILLO",3,260618,"Media baja",8.23129586066845
"667","HERMOSILLO",3,261332,"Alta",33.5756476759627
"668","HERMOSILLO",3,261333,"Alta",37.379564746031
"669","HERMOSILLO",3,261334,"Media alta",75.9634868138168
"670","HERMOSILLO",3,261335,"Media alta",75.010919395754
"671","HERMOSILLO",3,261336,"Media alta",56.2182705806071
"672","HERMOSILLO",3,261337,"Media baja",76.1428885891008
"673","HERMOSILLO",3,261338,"Media alta",53.3128296142239
"674","HERMOSILLO",3,261339,"Media alta",72.4901573432287
"675","HERMOSILLO",3,261340,"Media alta",65.289944434911
"676","HERMOSILLO",3,261341,"Media alta",31.7827324262349
"677","HERMOSILLO",3,261342,"Media alta",32.5868029297418
"678","HERMOSILLO",3,261343,"Alta",36.671910055894
"679","HERMOSILLO",3,261344,"Media alta",34.5276036845739
"680","HERMOSILLO",3,261345,"Media baja",48.4326491935475
"681","HERMOSILLO",3,261346,"Alta",41.9899104715468
"682","HERMOSILLO",3,261347,"Media baja",38.8412221712657
"683","HERMOSILLO",3,261348,"Media baja",57.8163107792713
"684","HERMOSILLO",3,261349,"Media baja",32.4002094589842
"685","HERMOSILLO",3,261350,"Media baja",68.6021663822716
"686","HERMOSILLO",3,261351,"Media baja",55.0050891559673
"687","HERMOSILLO",3,261352,"Media alta",38.7264753141085
"688","HERMOSILLO",3,261353,"Media baja",31.9640415232595
"689","HERMOSILLO",3,261354,"Media baja",42.8874752968054
"690","HERMOSILLO",3,261355,"Media alta",40.0364702494151
"691","HERMOSILLO",3,261356,"Media baja",39.3993718168851
"692","HERMOSILLO",3,261357,"Media baja",32.0626967637343
"693","HERMOSILLO",3,261358,"Media baja",47.6427737290084
"694","HERMOSILLO",3,261359,"Media alta",41.8454204490121
"695","HERMOSILLO",3,261360,"Media alta",34.4471293002856
"696","HERMOSILLO",3,261361,"Media alta",43.8110975854475
"697","HERMOSILLO",3,261442,"Alta",32.5699441038873
"698","HERMOSILLO",3,261443,"Media alta",37.8535192559924
"699","HERMOSILLO",3,261444,"Media baja",31.8865179754774
"700","HERMOSILLO",3,261445,"Baja",25.3418729448052
"701","HERMOSILLO",3,261446,"Baja",17.2606090114515
"702","HERMOSILLO",3,261447,"Baja",16.8546774398269
"703","HERMOSILLO",3,261448,"Baja",39.6742258383312
"704","HERMOSILLO",3,261449,"Baja",20.844314086263
"705","HERMOSILLO",3,261450,"Baja",24.8624496087229
"706","HERMOSILLO",3,261451,"Baja",37.5463741563473
"707","HERMOSILLO",3,261452,"Media baja",38.1024610160897
"708","HERMOSILLO",3,261453,"Baja",28.9564334360714
"709","HERMOSILLO",3,261454,"Baja",46.6319363423046
"710","HERMOSILLO",3,261455,"Baja",33.0006624090392
"711","HERMOSILLO",3,261456,"Media alta",46.9074390058663
"712","HERMOSILLO",3,261457,"Media baja",31.7972663411915
"713","HERMOSILLO",3,261458,"Media baja",40.5868720011455
"714","HERMOSILLO",3,261459,"Baja",25.4801924259013
"715","HERMOSILLO",3,261460,"Baja",21.0760741029165
"716","HERMOSILLO",3,261461,"Media baja",42.4992856203109
"717","HERMOSILLO",3,261462,"Media baja",35.0294484142908
"718","HERMOSILLO",3,261463,"Media baja",40.2373279939419
"719","HERMOSILLO",3,261464,"Baja",33.3685280946556
"720","HERMOSILLO",3,261465,"Baja",39.0335310622509
"721","HERMOSILLO",3,261466,"Media baja",45.9888439924763
"722","HERMOSILLO",3,261467,"Media baja",36.0605310112857
"723","HERMOSILLO",3,261468,"Media baja",41.8459237094396
"724","HERMOSILLO",3,261469,"Media baja",38.997413093823
"725","HERMOSILLO",3,261470,"Media baja",39.6330029793529
"726","HERMOSILLO",3,261471,"Media baja",31.5889711023591
"727","HERMOSILLO",3,261472,"Baja",15.9412372038926
"728","HERMOSILLO",3,261473,"Baja",22.6555366310219
"729","HERMOSILLO",3,261474,"Media baja",43.9588057834172
"730","HERMOSILLO",3,261475,"Baja",40.1812926142165
"731","HERMOSILLO",3,261476,"Baja",43.3264381271919
"732","HERMOSILLO",3,261477,"Media baja",43.5655841183219
"733","HERMOSILLO",3,261478,"Media baja",56.2453244947569
"734","HERMOSILLO",3,261479,"Media baja",43.5179053869965
"735","HERMOSILLO",3,261480,"Media baja",35.9815665447488
"736","HERMOSILLO",3,261481,"Media baja",33.4989007922043
"737","HERMOSILLO",3,261482,"Media baja",34.7060593863579
"738","HERMOSILLO",3,261483,"Media baja",32.7916354993382
"739","HERMOSILLO",3,261484,"Media baja",40.2222831941472
"740","HERMOSILLO",3,261485,"Baja",33.2818681024365
"741","HERMOSILLO",3,261486,"Baja",38.0222116009185
"742","HERMOSILLO",3,261487,"Media baja",37.9666427800447
"743","HERMOSILLO",3,261488,"Baja",35.0451616760654
"744","HERMOSILLO",3,261489,"Media baja",37.7713117021663
"745","HERMOSILLO",3,261490,"Baja",19.7865974939094
"746","HERMOSILLO",3,261491,"Baja",19.3999015237775
"747","HERMOSILLO",3,261492,"Media baja",42.4389435818133
"748","HERMOSILLO",3,261493,"Baja",17.6447520454713
"749","HERMOSILLO",3,261494,"Baja",18.5881103182688
"750","HERMOSILLO",3,261495,"Media baja",48.4719464144971
"751","HERMOSILLO",3,261496,"Media baja",24.6978240887896
"752","HERMOSILLO",3,261497,"Media baja",40.7567054106273
"753","HERMOSILLO",3,261498,"Media baja",32.8201942958305
"754","HERMOSILLO",3,261499,"Baja",23.2395439493174
"755","HERMOSILLO",3,261500,"Media baja",29.8111181969805
"756","HERMOSILLO",3,261501,"Media baja",27.0590666157429
"757","HERMOSILLO",3,261502,"Baja",32.2691120740055
"758","HERMOSILLO",3,261503,"Media baja",36.5019790882781
"759","HERMOSILLO",3,261504,"Media baja",41.7830621191826
"760","HERMOSILLO",3,261505,"Baja",37.5756013975756
"761","HERMOSILLO",3,261506,"Baja",35.6031065042714
"762","HERMOSILLO",3,261507,"Media baja",42.6614710327838
"763","HERMOSILLO",3,261508,"Baja",45.3843699297241
"764","HERMOSILLO",3,261509,"Media alta",45.5318288596474
"765","HERMOSILLO",3,261510,"Media alta",45.3370084695752
"766","HERMOSILLO",3,261511,"Media baja",48.6096800947795
"767","HERMOSILLO",3,261512,"Baja",48.03365060871
"768","HERMOSILLO",3,261513,"Media alta",44.3296767410873
"769","HERMOSILLO",3,261514,"Media alta",44.969803428069
"770","HERMOSILLO",5,260341,"Alta",43.4138949333214
"771","HERMOSILLO",5,260344,"Alta",50.9722634956053
"772","HERMOSILLO",5,260391,"Baja",35.1795219110839
"773","HERMOSILLO",5,260412,"Media alta",59.5393029074695
"774","HERMOSILLO",5,260413,"Alta",45.9537727847208
"775","HERMOSILLO",5,260414,"Media alta",36.0300717486189
"776","HERMOSILLO",5,260415,"Alta",23.8234583964154
"777","HERMOSILLO",5,260416,"Media baja",44.843144450476
"778","HERMOSILLO",5,260417,"Media baja",46.3139228606152
"779","HERMOSILLO",5,260418,"Media alta",46.8004648997093
"780","HERMOSILLO",5,260419,"Media alta",56.470452147077
"781","HERMOSILLO",5,260439,"Alta",48.5017018528002
"782","HERMOSILLO",5,260440,"Media baja",63.1916827950656
"783","HERMOSILLO",5,260441,"Media baja",54.6791117089823
"784","HERMOSILLO",5,260442,"Media alta",56.3989061744682
"785","HERMOSILLO",5,260443,"Media alta",57.3574147366886
"786","HERMOSILLO",5,260450,"Media alta",43.8220674714144
"787","HERMOSILLO",5,260451,"Alta",47.7460224691228
"788","HERMOSILLO",5,260452,"Media alta",55.4613909229784
"789","HERMOSILLO",5,260453,"Media baja",47.3532460980272
"790","HERMOSILLO",5,260456,"Media alta",43.6580332135603
"791","HERMOSILLO",5,260457,"Media baja",49.2760016265548
"792","HERMOSILLO",5,260458,"Media baja",48.8667792330573
"793","HERMOSILLO",5,260459,"Media baja",52.342840144128
"794","HERMOSILLO",5,260460,"Media alta",47.7384727278636
"795","HERMOSILLO",5,260461,"Media baja",46.8380593083617
"796","HERMOSILLO",5,260462,"Media baja",56.1640048462502
"797","HERMOSILLO",5,260463,"Media alta",56.9006701057464
"798","HERMOSILLO",5,260464,"Media alta",48.747951889074
"799","HERMOSILLO",5,260465,"Media alta",49.0912175869085
"800","HERMOSILLO",5,260466,"Media baja",54.7228259104236
"801","HERMOSILLO",5,260467,"Media baja",47.6479704616622
"802","HERMOSILLO",5,260468,"Media alta",41.157021985382
"803","HERMOSILLO",5,260469,"Media baja",47.8618972434043
"804","HERMOSILLO",5,260470,"Media baja",46.3709377705651
"805","HERMOSILLO",5,260471,"Media alta",49.8986302658425
"806","HERMOSILLO",5,260472,"Media alta",46.0928897613193
"807","HERMOSILLO",5,260473,"Media alta",51.4680349396722
"808","HERMOSILLO",5,260474,"Alta",46.8821410071152
"809","HERMOSILLO",5,260475,"Media alta",49.1316259330073
"810","HERMOSILLO",5,260476,"Media alta",48.3585537877812
"811","HERMOSILLO",5,260477,"Media alta",56.831292375871
"812","HERMOSILLO",5,260478,"Media baja",49.4119302888052
"813","HERMOSILLO",5,260479,"Media baja",48.6122061667357
"814","HERMOSILLO",5,260480,"Media baja",72.7219272103158
"815","HERMOSILLO",5,260481,"Media baja",76.0583671892944
"816","HERMOSILLO",5,260482,"Media baja",49.9446662599374
"817","HERMOSILLO",5,260483,"Media baja",59.4904371406255
"818","HERMOSILLO",5,260484,"Media alta",35.2603608158991
"819","HERMOSILLO",5,260485,"Media baja",33.1272231943299
"820","HERMOSILLO",5,260486,"Media alta",29.8512754430891
"821","HERMOSILLO",5,260487,"Media alta",35.8243873732178
"822","HERMOSILLO",5,260488,"Media baja",54.7184350575599
"823","HERMOSILLO",5,260489,"Media baja",30.3983023330547
"824","HERMOSILLO",5,260490,"Baja",32.303826098031
"825","HERMOSILLO",5,260491,"Media baja",76.9019239707617
"826","HERMOSILLO",5,260492,"Media baja",56.3747581600387
"827","HERMOSILLO",5,260493,"Media baja",55.9494414066489
"828","HERMOSILLO",5,260494,"Media baja",76.9504398238304
"829","HERMOSILLO",5,260495,"Media baja",52.8434321492043
"830","HERMOSILLO",5,260496,"Media alta",36.4879058428893
"831","HERMOSILLO",5,260497,"Media baja",48.6152535067256
"832","HERMOSILLO",5,260498,"Media alta",54.7270272260203
"833","HERMOSILLO",5,260499,"Alta",49.9151505546624
"834","HERMOSILLO",5,260500,"Media baja",48.3272961274307
"835","HERMOSILLO",5,260501,"Alta",53.0378863869914
"836","HERMOSILLO",5,260502,"Media baja",49.7863447197797
"837","HERMOSILLO",5,260503,"Media alta",47.5654117800625
"838","HERMOSILLO",5,260504,"Media alta",47.4981196398266
"839","HERMOSILLO",5,260505,"Media alta",46.9666715019713
"840","HERMOSILLO",5,260506,"Media baja",52.6441675161333
"841","HERMOSILLO",5,260507,"Media baja",79.5343517406665
"842","HERMOSILLO",5,260508,"Media alta",51.6001939152942
"843","HERMOSILLO",5,260509,"Alta",42.0373257156757
"844","HERMOSILLO",5,260510,"Alta",67.3625069436104
"845","HERMOSILLO",5,260511,"Media baja",39.137687496942
"846","HERMOSILLO",5,260512,"Media alta",40.2172248423752
"847","HERMOSILLO",5,260513,"Media alta",37.5435073728283
"848","HERMOSILLO",5,260514,"Alta",34.6793256127575
"849","HERMOSILLO",5,260515,"Baja",37.875096237475
"850","HERMOSILLO",5,260516,"Media baja",49.1724948874117
"851","HERMOSILLO",5,260517,"Media baja",48.608698936095
"852","HERMOSILLO",5,260518,"Media baja",49.1728125678079
"853","HERMOSILLO",5,260519,"Media baja",47.0475599443465
"854","HERMOSILLO",5,260520,"Media baja",53.1831280199146
"855","HERMOSILLO",5,260521,"Media baja",54.8716453682774
"856","HERMOSILLO",5,260522,"Media alta",53.6544293851104
"857","HERMOSILLO",5,260523,"Media baja",43.4641854885756
"858","HERMOSILLO",5,260524,"Alta",48.6957462336495
"859","HERMOSILLO",5,260525,"Media alta",46.7432995269611
"860","HERMOSILLO",5,260526,"Media baja",45.1708258359701
"861","HERMOSILLO",5,260527,"Media baja",50.1745300619445
"862","HERMOSILLO",5,260528,"Media baja",47.796810180843
"863","HERMOSILLO",5,260529,"Media baja",48.5209881893692
"864","HERMOSILLO",5,260530,"Media baja",33.1300629734667
"865","HERMOSILLO",5,260531,"Media alta",42.2076012621368
"866","HERMOSILLO",5,260532,"Alta",39.9261500386418
"867","HERMOSILLO",5,260533,"Alta",29.0830609271692
"868","HERMOSILLO",5,260534,"Media baja",31.3498987353309
"869","HERMOSILLO",5,260535,"Media baja",34.2336499529398
"870","HERMOSILLO",5,260536,"Media alta",32.6215813117582
"871","HERMOSILLO",5,260537,"Alta",41.3997245272063
"872","HERMOSILLO",5,260538,"Media alta",45.9976235223692
"873","HERMOSILLO",5,260539,"Media alta",49.4416144726558
"874","HERMOSILLO",5,260540,"Media baja",46.9723372852923
"875","HERMOSILLO",5,260541,"Media alta",47.8074231622243
"876","HERMOSILLO",5,260542,"Media baja",63.4283427168188
"877","HERMOSILLO",5,260543,"Media baja",36.8139105514403
"878","HERMOSILLO",5,260544,"Alta",42.3146474972758
"879","HERMOSILLO",5,260545,"Media alta",44.817458974202
"880","HERMOSILLO",5,260546,"Media baja",64.125428632527
"881","HERMOSILLO",5,260547,"Media baja",60.4581705791333
"882","HERMOSILLO",5,260548,"Media baja",54.6491678728497
"883","HERMOSILLO",5,260549,"Media baja",50.6966632184774
"884","HERMOSILLO",5,260550,"Media baja",42.5524555911039
"885","HERMOSILLO",5,260551,"Media baja",40.7952649370795
"886","HERMOSILLO",5,260552,"Media baja",58.703447679999
"887","HERMOSILLO",5,260553,"Media baja",39.6367054172993
"888","HERMOSILLO",5,260554,"Alta",34.0467433218578
"889","HERMOSILLO",5,260555,"Media alta",51.9687984808646
"890","HERMOSILLO",5,260556,"Media alta",39.8551897431003
"891","HERMOSILLO",5,260557,"Media baja",41.6799183417977
"892","HERMOSILLO",5,260558,"Alta",36.4561683537006
"893","HERMOSILLO",5,260559,"Media alta",40.8664793418283
"894","HERMOSILLO",5,260560,"Media baja",38.3312937355706
"895","HERMOSILLO",5,260561,"Media baja",51.6434945213196
"896","HERMOSILLO",5,260562,"Media alta",37.8944748599345
"897","HERMOSILLO",5,260563,"Media baja",41.9189384651478
"898","HERMOSILLO",5,260564,"Alta",34.4081566450304
"899","HERMOSILLO",5,260565,"Alta",36.3841160695599
"900","HERMOSILLO",5,260566,"Media baja",37.749395291894
"901","HERMOSILLO",5,260567,"Media alta",48.8862295433648
"902","HERMOSILLO",5,260568,"Alta",43.2190241930884
"903","HERMOSILLO",5,260569,"Alta",32.5750374608994
"904","HERMOSILLO",5,260570,"Media alta",36.021523931896
"905","HERMOSILLO",5,260571,"Alta",29.5078887530385
"906","HERMOSILLO",5,260572,"Media baja",35.3624719561748
"907","HERMOSILLO",5,260573,"Media baja",33.9850227321865
"908","HERMOSILLO",5,260574,"Media alta",44.8548202250424
"909","HERMOSILLO",5,260575,"Alta",40.1773572088793
"910","HERMOSILLO",5,260576,"Media alta",45.0167483385101
"911","HERMOSILLO",5,260577,"Media alta",29.6806280921092
"912","HERMOSILLO",5,260578,"Media baja",47.2280885037419
"913","HERMOSILLO",5,260579,"Media alta",42.0632983429333
"914","HERMOSILLO",5,260581,"Media alta",47.2101198736164
"915","HERMOSILLO",5,260582,"Media alta",47.9545845291952
"916","HERMOSILLO",5,260584,"Alta",42.7045930754366
"917","HERMOSILLO",5,260586,"Media baja",21.8355817694363
"918","HERMOSILLO",5,260587,"Media baja",23.0590401025058
"919","HERMOSILLO",5,260588,"Baja",38.1803533727376
"920","HERMOSILLO",5,260589,"Alta",24.7104407065982
"921","HERMOSILLO",5,260592,"Alta",28.9757889541928
"922","HERMOSILLO",5,260593,"Media baja",32.27421439962
"923","HERMOSILLO",5,260606,"Media baja",19.7953942138174
"924","HERMOSILLO",5,260609,"Baja",15.6746515684331
"925","HERMOSILLO",5,260610,"Baja",19.4329776547377
"926","HERMOSILLO",5,260611,"Baja",20.4226444815812
"927","HERMOSILLO",5,260612,"Baja",19.9028865017328
"928","HERMOSILLO",5,260614,"Baja",14.3017508286477
"929","HERMOSILLO",5,260615,"Media baja",18.4775068500773
"930","HERMOSILLO",5,261396,"Media baja",39.0957902146777
"931","HERMOSILLO",5,261397,"Media baja",36.2981186998979
"932","HERMOSILLO",5,261398,"Media alta",33.1890909106053
"933","HERMOSILLO",5,261399,"Media baja",34.2639861096783
"934","HERMOSILLO",5,261400,"Alta",37.0806313764839
"935","HERMOSILLO",5,261401,"Media baja",36.25601818252
"936","HERMOSILLO",5,261402,"Media baja",34.4116254651013
"937","HERMOSILLO",5,261403,"Media alta",38.2855098354669
"938","HERMOSILLO",5,261404,"Media alta",27.6060846718984
"939","HERMOSILLO",5,261405,"Media alta",27.9606392003357
"940","HERMOSILLO",5,261406,"Media baja",22.9931511901368
"941","HERMOSILLO",5,261407,"Baja",29.3481085986922
"942","HERMOSILLO",5,261529,"Media baja",36.6473611307726
"943","HERMOSILLO",5,261530,"Media baja",34.3915332434524
"944","HERMOSILLO",5,261531,"Media baja",40.7205244438882
"945","HERMOSILLO",5,261532,"Media baja",40.9829678878715
"946","HERMOSILLO",5,261533,"Media baja",40.8155738201574
"947","HERMOSILLO",5,261534,"Media baja",40.5005836828908
"948","HERMOSILLO",5,261535,"Media baja",31.5127839687151
"949","HERMOSILLO",5,261536,"Media baja",42.3555546500379
"950","HERMOSILLO",5,261537,"Media alta",39.9947173446021
"951","HERMOSILLO",5,261538,"Media baja",39.296206675861
"952","HERMOSILLO",5,261539,"Media alta",37.6391115280931
"953","HERMOSILLO",5,261540,"Media baja",43.3299690944607
"954","HERMOSILLO",5,261541,"Media baja",34.5338294619446
"955","HERMOSILLO",5,261542,"Media baja",17.6452590434689
"956","HERMOSILLO",5,261543,"Media baja",40.3545946117193
"957","HERMOSILLO",5,261544,"Media baja",39.8574729815455
"958","HERMOSILLO",5,261545,"Media baja",34.2915359313677
"959","HERMOSILLO",5,261546,"Media baja",26.0034045483151
"960","HERMOSILLO",5,261547,"Media baja",27.8596652456952
"961","HERMOSILLO",5,261548,"Media alta",50.0226857026085
"962","HERMOSILLO",5,261549,"Media baja",37.4935533898797
"963","HERMOSILLO",5,261550,"Alta",37.1011702600247
"964","HERMOSILLO",5,261551,"Media alta",30.601344922206
"965","HERMOSILLO",5,261552,"Media alta",51.2657536628878
"966","HERMOSILLO",5,261553,"Media baja",36.6765743731799
"967","HERMOSILLO",5,261554,"Media alta",39.5412134636776
"968","HERMOSILLO",5,261555,"Media alta",41.8147975923501
"969","HERMOSILLO",5,261556,"Media alta",55.5393639152757
"970","HUACHINERA",4,260107,"Media baja",35.259412654113
"971","HUACHINERA",4,260108,"Baja",34.1915342754853
"972","HUASABAS",4,260109,"Media alta",38.6566578774753
"973","HUATABAMPO",7,261189,"Alta",30.7241109819261
"974","HUATABAMPO",7,261190,"Alta",33.92744041099
"975","HUATABAMPO",7,261191,"Media alta",33.4691623836949
"976","HUATABAMPO",7,261192,"Media alta",31.2915148051633
"977","HUATABAMPO",7,261193,"Media baja",33.7690419294273
"978","HUATABAMPO",7,261194,"Media alta",32.9416799654629
"979","HUATABAMPO",7,261195,"Alta",23.9095808017174
"980","HUATABAMPO",7,261196,"Media baja",31.1994675064916
"981","HUATABAMPO",7,261197,"Media alta",30.0899347629076
"982","HUATABAMPO",7,261198,"Alta",39.3000920992776
"983","HUATABAMPO",7,261199,"Alta",35.8463962422537
"984","HUATABAMPO",7,261200,"Media baja",22.2385399851794
"985","HUATABAMPO",7,261201,"Alta",23.2181010673702
"986","HUATABAMPO",7,261202,"Media alta",29.148877982464
"987","HUATABAMPO",7,261203,"Alta",17.5089829327302
"988","HUATABAMPO",7,261204,"Media baja",21.623347556933
"989","HUATABAMPO",7,261205,"Media alta",28.3166667130917
"990","HUATABAMPO",7,261206,"Media alta",13.7347572744687
"991","HUATABAMPO",7,261207,"Media alta",19.3443509707071
"992","HUATABAMPO",7,261208,"Media alta",19.6103168512912
"993","HUATABAMPO",7,261209,"Alta",19.1774470560394
"994","HUATABAMPO",7,261210,"Media alta",26.5867559868844
"995","HUATABAMPO",7,261211,"Alta",23.8224956703355
"996","HUATABAMPO",7,261212,"Alta",24.1289606684804
"997","HUATABAMPO",7,261213,"Media alta",20.2288720612807
"998","HUATABAMPO",7,261214,"Media alta",7.94995320726359
"999","HUATABAMPO",7,261217,"Alta",15.9029429841834
"1000","HUATABAMPO",7,261218,"Alta",21.297658679738
"1001","HUATABAMPO",7,261219,"Media alta",18.5589121412033
"1002","HUATABAMPO",7,261220,"Alta",15.9747707500777
"1003","HUATABAMPO",7,261221,"Media alta",19.7837407652847
"1004","HUATABAMPO",7,261222,"Media alta",18.7854741120008
"1005","HUATABAMPO",7,261223,"Media baja",15.3030657287783
"1006","HUATABAMPO",7,261224,"Media baja",30.2846105402807
"1007","HUATABAMPO",7,261225,"Media alta",30.2747623179606
"1008","HUATABAMPO",7,261226,"Media alta",25.4360359132639
"1009","HUATABAMPO",7,261227,"Media baja",21.8031210875674
"1010","HUATABAMPO",7,261228,"Alta",15.8657960001501
"1011","HUATABAMPO",7,261229,"Alta",27.1379709386797
"1012","HUEPAC",4,260110,"Media alta",37.1364992194141
"1013","HUEPAC",4,260111,"Media baja",40.2927769631365
"1014","IMURIS",2,260112,"Media alta",26.5617710955518
"1015","IMURIS",2,260113,"Alta",29.663044624804
"1016","IMURIS",2,260114,"Media baja",33.3891962909316
"1017","IMURIS",2,260115,"Media alta",27.6323909712119
"1018","IMURIS",2,260116,"Media alta",29.3421240887645
"1019","IMURIS",2,260117,"Baja",29.2113762005177
"1020","IMURIS",2,260121,"Baja",30.15066816772
"1021","IMURIS",2,260122,"Baja",38.3679148164939
"1022","LA COLORADA",4,260331,"Media baja",32.9825831669788
"1023","LA COLORADA",4,260332,"Media alta",29.770527623085
"1024","LA COLORADA",4,260333,"Baja",32.2600372295552
"1025","LA COLORADA",4,260335,"Baja",32.0516332715688
"1026","MAGDALENA",2,260123,"Alta",27.6170804882765
"1027","MAGDALENA",2,260124,"Media baja",30.6112084232142
"1028","MAGDALENA",2,260125,"Media alta",35.5224322808894
"1029","MAGDALENA",2,260126,"Alta",34.5802902772116
"1030","MAGDALENA",2,260127,"Media baja",35.4819988446708
"1031","MAGDALENA",2,260128,"Media alta",32.253328831611
"1032","MAGDALENA",2,260129,"Media alta",30.1964815432461
"1033","MAGDALENA",2,260130,"Alta",28.8741035469797
"1034","MAGDALENA",2,260131,"Alta",32.3101522179892
"1035","MAGDALENA",2,260132,"Alta",37.3162329077071
"1036","MAGDALENA",2,260133,"Media alta",27.3957237646674
"1037","MAGDALENA",2,260134,"Media baja",26.8558958253154
"1038","MAGDALENA",2,260135,"Baja",29.3685242506089
"1039","MAGDALENA",2,260136,"Media alta",29.2111843059728
"1040","MAGDALENA",2,260137,"Baja",26.7562545285478
"1041","MAZATAN",4,260619,"Alta",34.1374876466514
"1042","MOCTEZUMA",4,260138,"Alta",40.5599026822875
"1043","MOCTEZUMA",4,260139,"Media alta",40.2116525883997
"1044","MOCTEZUMA",4,260140,"Media alta",40.3591837873169
"1045","MOCTEZUMA",4,260141,"Baja",36.3489445400952
"1046","NACO",2,260143,"Media baja",34.3079663497481
"1047","NACO",2,260145,"Alta",26.7577148508529
"1048","NACORI CHICO",4,260146,"Alta",32.8845541088598
"1049","NACOZARI DE GARCIA",4,260149,"Media alta",32.2207948572682
"1050","NACOZARI DE GARCIA",4,260150,"Media baja",30.7097367411763
"1051","NACOZARI DE GARCIA",4,260151,"Media alta",33.8867672197492
"1052","NACOZARI DE GARCIA",4,260152,"Media alta",33.0783689970816
"1053","NACOZARI DE GARCIA",4,260153,"Media baja",33.9155471267643
"1054","NACOZARI DE GARCIA",4,260154,"Media alta",34.2430502482245
"1055","NACOZARI DE GARCIA",4,260155,"Media baja",27.6891442987737
"1056","NACOZARI DE GARCIA",4,260156,"Alta",28.4537917677552
"1057","NACOZARI DE GARCIA",4,260157,"Media baja",37.9497560072905
"1058","NACOZARI DE GARCIA",4,260158,"Baja",34.2037478722284
"1059","NAVOJOA",7,261230,"Alta",22.3829314414894
"1060","NAVOJOA",7,261231,"Media baja",37.1548387991999
"1061","NAVOJOA",7,261232,"Media alta",41.3956709900537
"1062","NAVOJOA",7,261233,"Media baja",44.492063812386
"1063","NAVOJOA",7,261234,"Alta",40.7474948075587
"1064","NAVOJOA",7,261235,"Media alta",31.9634836399378
"1065","NAVOJOA",7,261236,"Media alta",33.7157766965812
"1066","NAVOJOA",7,261237,"Media alta",24.2047749322965
"1067","NAVOJOA",7,261238,"Media baja",34.2274938734739
"1068","NAVOJOA",7,261239,"Media alta",29.3644831518542
"1069","NAVOJOA",7,261240,"Baja",29.8897388883351
"1070","NAVOJOA",7,261241,"Media baja",33.4521567338364
"1071","NAVOJOA",7,261242,"Media baja",33.3707323100606
"1072","NAVOJOA",7,261243,"Alta",27.4898137036831
"1073","NAVOJOA",7,261244,"Alta",33.8776473907597
"1074","NAVOJOA",7,261245,"Media baja",34.375237454325
"1075","NAVOJOA",7,261246,"Media alta",39.544178645076
"1076","NAVOJOA",7,261247,"Media alta",41.2929205163167
"1077","NAVOJOA",7,261248,"Alta",43.366133370936
"1078","NAVOJOA",7,261249,"Media alta",31.6884072324577
"1079","NAVOJOA",7,261250,"Media baja",32.0738847419876
"1080","NAVOJOA",7,261251,"Alta",31.731850072546
"1081","NAVOJOA",7,261252,"Alta",33.6373626247871
"1082","NAVOJOA",7,261253,"Media alta",34.285905946306
"1083","NAVOJOA",7,261254,"Media alta",40.7994161184891
"1084","NAVOJOA",7,261255,"Media alta",40.5503203724894
"1085","NAVOJOA",7,261256,"Media alta",37.8255948138734
"1086","NAVOJOA",7,261257,"Alta",33.8026813114314
"1087","NAVOJOA",7,261258,"Media alta",32.4448421945464
"1088","NAVOJOA",7,261259,"Alta",26.3610356887841
"1089","NAVOJOA",7,261260,"Alta",30.5844440323886
"1090","NAVOJOA",7,261261,"Alta",31.6524206070575
"1091","NAVOJOA",7,261262,"Media alta",38.3499052006734
"1092","NAVOJOA",7,261263,"Alta",34.3366931697185
"1093","NAVOJOA",7,261264,"Alta",28.191624240231
"1094","NAVOJOA",7,261265,"Alta",28.8576965869716
"1095","NAVOJOA",7,261266,"Media alta",32.5635607466035
"1096","NAVOJOA",7,261267,"Alta",24.8268730200997
"1097","NAVOJOA",7,261268,"Alta",33.0921807656937
"1098","NAVOJOA",7,261269,"Alta",40.9198113426354
"1099","NAVOJOA",7,261270,"Media alta",21.1393544314515
"1100","NAVOJOA",7,261271,"Media alta",10.2570061782446
"1101","NAVOJOA",7,261272,"Media baja",24.5904759037787
"1102","NAVOJOA",7,261274,"Media baja",19.4238541544885
"1103","NAVOJOA",7,261275,"Media baja",20.1708063617892
"1104","NAVOJOA",7,261276,"Media baja",18.6464415317071
"1105","NAVOJOA",7,261277,"Media alta",22.1001666226057
"1106","NAVOJOA",7,261279,"Media alta",21.1242632951606
"1107","NAVOJOA",7,261280,"Media baja",12.453888799384
"1108","NAVOJOA",7,261282,"Media alta",17.369647540842
"1109","NAVOJOA",7,261283,"Media alta",11.3946121820284
"1110","NAVOJOA",7,261284,"Alta",11.6636423210505
"1111","NAVOJOA",7,261285,"Media baja",14.3176272137979
"1112","NAVOJOA",7,261286,"Alta",15.6558022193163
"1113","NAVOJOA",7,261287,"Media alta",19.1363088095563
"1114","NAVOJOA",7,261288,"Media alta",25.8031712347141
"1115","NAVOJOA",7,261289,"Alta",29.2983369893336
"1116","NAVOJOA",7,261290,"Media alta",30.6589142979216
"1117","NAVOJOA",7,261291,"Alta",25.5084929277109
"1118","NAVOJOA",7,261292,"Alta",15.6150215836268
"1119","NAVOJOA",7,261293,"Media alta",25.2702996178214
"1120","NAVOJOA",7,261294,"Media alta",9.88854060524894
"1121","NAVOJOA",7,261295,"Media alta",17.2300832257915
"1122","NAVOJOA",7,261296,"Media alta",24.4916068450748
"1123","NAVOJOA",7,261297,"Alta",18.3023060168379
"1124","NAVOJOA",7,261298,"Media alta",12.0155651780711
"1125","NAVOJOA",7,261299,"Media baja",25.3000950033486
"1126","NAVOJOA",7,261300,"Alta",18.4448786507644
"1127","NAVOJOA",7,261301,"Media baja",22.3908107720125
"1128","NAVOJOA",7,261302,"Media baja",34.8480343340568
"1129","NAVOJOA",7,261303,"Alta",24.3915411645493
"1130","NAVOJOA",7,261304,"Media alta",38.3893443896017
"1131","NAVOJOA",7,261305,"Media baja",39.0401802420582
"1132","NOGALES",2,260159,"Media baja",32.4555456020172
"1133","NOGALES",2,260160,"Baja",34.6489824263102
"1134","NOGALES",2,260161,"Media baja",33.8863483282539
"1135","NOGALES",2,260162,"Media alta",32.1823863730959
"1136","NOGALES",2,260163,"Media baja",25.0901206318444
"1137","NOGALES",2,260164,"Media alta",25.7712839285175
"1138","NOGALES",2,260165,"Media baja",31.1589156204079
"1139","NOGALES",2,260166,"Media baja",30.0199366255028
"1140","NOGALES",2,260167,"Media baja",28.5131946357335
"1141","NOGALES",2,260168,"Media baja",36.0036256522001
"1142","NOGALES",2,260169,"Media baja",38.8685286711888
"1143","NOGALES",2,260170,"Media baja",34.0759769664592
"1144","NOGALES",2,260171,"Alta",35.0805458150758
"1145","NOGALES",2,260172,"Media baja",36.5361580508942
"1146","NOGALES",2,260173,"Media baja",35.3829933995019
"1147","NOGALES",2,260174,"Media baja",41.5443197572929
"1148","NOGALES",2,260175,"Media alta",37.7473360948176
"1149","NOGALES",2,260176,"Media baja",33.9926683374954
"1150","NOGALES",2,260177,"Baja",37.5047961811021
"1151","NOGALES",2,260178,"Media alta",31.1575474962779
"1152","NOGALES",2,260179,"Media baja",27.573329365556
"1153","NOGALES",2,260180,"Alta",26.0971293109573
"1154","NOGALES",2,260181,"Media baja",27.5075927023543
"1155","NOGALES",2,260182,"Media baja",31.3987175561245
"1156","NOGALES",2,260183,"Media baja",39.6180481561856
"1157","NOGALES",2,260184,"Media baja",34.2550888226923
"1158","NOGALES",2,260185,"Media alta",33.7352364000539
"1159","NOGALES",2,260186,"Media baja",29.0563372666645
"1160","NOGALES",2,260187,"Alta",30.7524520980331
"1161","NOGALES",2,260188,"Media alta",32.4504164832049
"1162","NOGALES",2,260189,"Media baja",32.4032502335482
"1163","NOGALES",2,260190,"Media baja",37.3698878680792
"1164","NOGALES",2,260191,"Media baja",30.2168622998572
"1165","NOGALES",2,260193,"Media alta",28.3022286920452
"1166","NOGALES",2,260194,"Media alta",27.8215953820859
"1167","NOGALES",2,260195,"Media baja",33.4756209462382
"1168","NOGALES",2,260196,"Media baja",36.554124489878
"1169","NOGALES",2,260197,"Baja",26.2301054040646
"1170","NOGALES",2,260198,"Media baja",34.9401049123899
"1171","NOGALES",2,260199,"Media alta",27.9545240994507
"1172","NOGALES",2,260200,"Media alta",40.6671535410081
"1173","NOGALES",2,260201,"Media alta",35.0526301757039
"1174","NOGALES",2,260202,"Media alta",38.3808624608123
"1175","NOGALES",2,260203,"Media baja",33.3378376499893
"1176","NOGALES",2,260204,"Media alta",28.1379645858534
"1177","NOGALES",2,260205,"Alta",24.5087679062656
"1178","NOGALES",2,260206,"Alta",25.4535098731722
"1179","NOGALES",2,260207,"Alta",28.4510241387722
"1180","NOGALES",2,260208,"Media baja",28.3144941494242
"1181","NOGALES",2,260209,"Media alta",27.7036628156741
"1182","NOGALES",2,260210,"Media alta",32.0382323641507
"1183","NOGALES",2,260211,"Media alta",32.3225800384236
"1184","NOGALES",2,260212,"Media baja",41.7464033785853
"1185","NOGALES",2,260213,"Media baja",34.2998133406537
"1186","NOGALES",2,260214,"Alta",27.6527443386099
"1187","NOGALES",2,260215,"Alta",35.3991374347346
"1188","NOGALES",2,260216,"Alta",33.9743710391413
"1189","NOGALES",2,260217,"Alta",29.5361444977813
"1190","NOGALES",2,260218,"Media alta",42.0566356312962
"1191","NOGALES",2,260219,"Media baja",30.8468651621526
"1192","NOGALES",2,260220,"Alta",27.8987537622411
"1193","NOGALES",2,260221,"Alta",27.6117576497987
"1194","NOGALES",2,260222,"Alta",27.5055557177889
"1195","NOGALES",2,260223,"Alta",29.0202689994768
"1196","NOGALES",2,260225,"Media alta",35.0780984406879
"1197","NOGALES",2,260226,"Alta",34.5803495354416
"1198","NOGALES",2,260228,"Media baja",23.0023026670228
"1199","NOGALES",2,260229,"Media alta",29.4493558801857
"1200","NOGALES",2,260231,"Media alta",29.9793324369064
"1201","NOGALES",2,261368,"Media baja",39.8200938265296
"1202","NOGALES",2,261369,"Media baja",29.2050851823304
"1203","NOGALES",2,261370,"Media baja",26.0220514980146
"1204","NOGALES",2,261373,"Media baja",27.1432160881209
"1205","NOGALES",2,261374,"Baja",26.0496688300131
"1206","NOGALES",2,261376,"Media baja",27.9145571033536
"1207","NOGALES",2,261377,"Media alta",24.7982633265049
"1208","NOGALES",2,261378,"Media alta",24.6933394068965
"1209","NOGALES",2,261379,"Media baja",32.7538663538584
"1210","NOGALES",2,261380,"Media baja",30.1191263662007
"1211","NOGALES",2,261382,"Media baja",28.6147117211695
"1212","NOGALES",2,261383,"Media baja",30.5521073186175
"1213","NOGALES",2,261384,"Media baja",29.8920687827711
"1214","NOGALES",2,261385,"Media alta",24.5370493858267
"1215","NOGALES",2,261386,"Media alta",29.5947530763555
"1216","NOGALES",2,261387,"Media baja",28.0668733173311
"1217","NOGALES",2,261388,"Media baja",28.1727310217303
"1218","NOGALES",2,261389,"Media baja",29.6854507215007
"1219","NOGALES",2,261391,"Media baja",32.1921153914944
"1220","NOGALES",2,261392,"Media baja",34.7266062948752
"1221","NOGALES",2,261393,"Media baja",33.5767850647636
"1222","NOGALES",2,261394,"Media baja",34.1420280676817
"1223","NOGALES",2,261395,"Baja",37.6858842385263
"1224","NOGALES",2,261408,"Media baja",28.7060535279308
"1225","NOGALES",2,261409,"Alta",24.8728904885637
"1226","NOGALES",2,261410,"Alta",25.8549283321375
"1227","NOGALES",2,261414,"Media baja",24.4175433216159
"1228","NOGALES",2,261415,"Media baja",22.6811388645314
"1229","NOGALES",2,261416,"Media baja",19.6443382146551
"1230","NOGALES",2,261417,"Media baja",18.9862866825189
"1231","NOGALES",2,261418,"Media baja",21.5920437764907
"1232","NOGALES",2,261419,"Baja",19.2263643359265
"1233","NOGALES",2,261420,"Media baja",23.2217669091469
"1234","NOGALES",2,261421,"Media baja",27.4739578790698
"1235","NOGALES",2,261422,"Baja",22.5032356985106
"1236","NOGALES",2,261424,"Baja",19.6075155781212
"1237","NOGALES",2,261425,"Media baja",41.8307735699257
"1238","NOGALES",2,261426,"Baja",33.1231329275209
"1239","NOGALES",2,261427,"Media baja",31.075742370637
"1240","NOGALES",2,261428,"Baja",35.9001954192129
"1241","NOGALES",2,261429,"Media baja",29.1383061102912
"1242","NOGALES",2,261430,"Media baja",32.9891607109012
"1243","NOGALES",2,261431,"Media baja",40.6213731361175
"1244","NOGALES",2,261432,"Media baja",35.1242045166299
"1245","NOGALES",2,261433,"Baja",39.3323994775878
"1246","NOGALES",2,261434,"Media baja",35.4816986604749
"1247","NOGALES",2,261435,"Baja",31.1801133504601
"1248","NOGALES",2,261436,"Media baja",34.0151928342449
"1249","NOGALES",2,261437,"Media baja",32.8272615562618
"1250","NOGALES",2,261438,"Media alta",18.112686345359
"1251","NOGALES",2,261439,"Media alta",17.0654851863385
"1252","NOGALES",2,261440,"Media baja",21.2044281758523
"1253","NOGALES",2,261441,"Media baja",18.5233708900583
"1254","ONAVAS",4,261306,"Media alta",27.7826472417998
"1255","OPODEPE",4,260621,"Media baja",29.7492274807601
"1256","OPODEPE",4,260622,"Baja",30.8288675447393
"1257","OQUITOA",1,260232,"Media baja",33.5156105502747
"1258","PITIQUITO",1,260625,"Alta",30.3807425616936
"1259","PITIQUITO",1,260626,"Media baja",35.8446221306947
"1260","PITIQUITO",1,260629,"Media alta",26.8710511696626
"1261","PITIQUITO",1,260630,"Media baja",18.7315543879552
"1262","PITIQUITO",1,261366,"Media baja",18.9862842087843
"1263","PITIQUITO",1,261367,"Media baja",28.7747605877914
"1264","PUERTO PEASCO",1,260631,"Alta",20.9573735884151
"1265","PUERTO PEASCO",1,260632,"Alta",26.8863196287863
"1266","PUERTO PEASCO",1,260633,"Media alta",31.673365909122
"1267","PUERTO PEASCO",1,260634,"Alta",27.8976150045397
"1268","PUERTO PEASCO",1,260635,"Media alta",32.9595246553864
"1269","PUERTO PEASCO",1,260636,"Alta",31.0899747733753
"1270","PUERTO PEASCO",1,260637,"Media alta",32.1256649571644
"1271","PUERTO PEASCO",1,260638,"Alta",24.6761949773534
"1272","PUERTO PEASCO",1,260639,"Media alta",31.2547370358145
"1273","PUERTO PEASCO",1,260640,"Media alta",28.7945198684733
"1274","PUERTO PEASCO",1,260641,"Media baja",34.3167853859996
"1275","PUERTO PEASCO",1,260642,"Media alta",27.2059601978899
"1276","PUERTO PEASCO",1,260643,"Media alta",32.1165888265052
"1277","PUERTO PEASCO",1,260645,"Media alta",14.8005662561173
"1278","PUERTO PEASCO",1,260646,"Media alta",34.3259892802438
"1279","PUERTO PEASCO",1,260647,"Baja",32.9086547868221
"1280","PUERTO PEASCO",1,260648,"Media alta",25.8717058608126
"1281","QUIRIEGO",7,261307,"Alta",18.754921988152
"1282","QUIRIEGO",7,261308,"Alta",21.6939199533424
"1283","QUIRIEGO",7,261309,"Media baja",24.9492123652946
"1284","RAYON",4,260649,"Media baja",34.5890549146506
"1285","RAYON",4,260650,"Media alta",35.2117725874306
"1286","ROSARIO",7,261310,"Alta",25.8714978205555
"1287","ROSARIO",7,261311,"Alta",22.7230246104263
"1288","ROSARIO",7,261314,"Media baja",18.2743789607604
"1289","ROSARIO",7,261315,"Media baja",27.8938262809623
"1290","SAHUARIPA",4,260233,"Media alta",27.4661516196787
"1291","SAHUARIPA",4,260234,"Media baja",33.3540504638127
"1292","SAHUARIPA",4,260235,"Media alta",31.4762456230189
"1293","SAHUARIPA",4,260238,"Baja",36.1093282280173
"1294","SAHUARIPA",4,260239,"Baja",31.7100854209492
"1295","SAHUARIPA",4,260240,"Baja",34.8534488594847
"1296","SAHUARIPA",4,260243,"Baja",22.972551954875
"1297","SAHUARIPA",4,260245,"Baja",29.5317539192275
"1298","SAN FELIPE DE JESUS",4,260247,"Media baja",38.4962454357026
"1299","SAN IGNACIO RIO MUERTO",4,261101,"Media baja",18.1075263581191
"1300","SAN IGNACIO RIO MUERTO",4,261102,"Alta",19.5500572301369
"1301","SAN IGNACIO RIO MUERTO",4,261103,"Media baja",27.7165586945651
"1302","SAN IGNACIO RIO MUERTO",4,261104,"Media baja",26.5133079935313
"1303","SAN IGNACIO RIO MUERTO",4,261105,"Alta",21.1945130926036
"1304","SAN IGNACIO RIO MUERTO",4,261106,"Media alta",11.0085887232241
"1305","SAN IGNACIO RIO MUERTO",4,261107,"Alta",7.30064462907038
"1306","SAN IGNACIO RIO MUERTO",4,261108,"Media baja",20.5280344744303
"1307","SAN JAVIER",4,260248,"Media baja",22.7958169971794
"1308","SAN LUIS RIO COLORADO",1,260652,"Media baja",26.6810380032097
"1309","SAN LUIS RIO COLORADO",1,260653,"Baja",35.550600910578
"1310","SAN LUIS RIO COLORADO",1,260654,"Baja",29.1700813811133
"1311","SAN LUIS RIO COLORADO",1,260655,"Media baja",33.4534283603456
"1312","SAN LUIS RIO COLORADO",1,260656,"Media baja",37.0000895684153
"1313","SAN LUIS RIO COLORADO",1,260657,"Media baja",42.2240441947767
"1314","SAN LUIS RIO COLORADO",1,260658,"Media baja",35.880560571799
"1315","SAN LUIS RIO COLORADO",1,260659,"Alta",39.3121770052395
"1316","SAN LUIS RIO COLORADO",1,260660,"Media baja",38.7769334780768
"1317","SAN LUIS RIO COLORADO",1,260661,"Alta",26.2423348821448
"1318","SAN LUIS RIO COLORADO",1,260662,"Media baja",34.704705176017
"1319","SAN LUIS RIO COLORADO",1,260663,"Media alta",31.1925161929388
"1320","SAN LUIS RIO COLORADO",1,260664,"Media baja",30.3426223712186
"1321","SAN LUIS RIO COLORADO",1,260665,"Media baja",37.7079503692016
"1322","SAN LUIS RIO COLORADO",1,260666,"Media baja",38.2570790723649
"1323","SAN LUIS RIO COLORADO",1,260667,"Media alta",38.9776115170314
"1324","SAN LUIS RIO COLORADO",1,260668,"Media alta",36.995610304977
"1325","SAN LUIS RIO COLORADO",1,260669,"Media alta",34.9014948348699
"1326","SAN LUIS RIO COLORADO",1,260670,"Alta",34.1392913660865
"1327","SAN LUIS RIO COLORADO",1,260671,"Baja",37.7323991460398
"1328","SAN LUIS RIO COLORADO",1,260672,"Media baja",32.1309228901373
"1329","SAN LUIS RIO COLORADO",1,260673,"Media baja",35.5936687603595
"1330","SAN LUIS RIO COLORADO",1,260674,"Media baja",30.9592237084044
"1331","SAN LUIS RIO COLORADO",1,260675,"Media baja",35.1441617284028
"1332","SAN LUIS RIO COLORADO",1,260676,"Media baja",35.3641683880692
"1333","SAN LUIS RIO COLORADO",1,260677,"Media alta",38.4123723383172
"1334","SAN LUIS RIO COLORADO",1,260678,"Media baja",35.5148629709988
"1335","SAN LUIS RIO COLORADO",1,260679,"Media baja",31.4351104272816
"1336","SAN LUIS RIO COLORADO",1,260680,"Media alta",32.0041741106266
"1337","SAN LUIS RIO COLORADO",1,260681,"Alta",31.2947939189042
"1338","SAN LUIS RIO COLORADO",1,260682,"Baja",30.1692784703766
"1339","SAN LUIS RIO COLORADO",1,260683,"Media baja",24.2569569544987
"1340","SAN LUIS RIO COLORADO",1,260684,"Media baja",31.2355736423107
"1341","SAN LUIS RIO COLORADO",1,260685,"Media alta",34.1087915607189
"1342","SAN LUIS RIO COLORADO",1,260686,"Media baja",33.656788134318
"1343","SAN LUIS RIO COLORADO",1,260687,"Media baja",30.3355637476899
"1344","SAN LUIS RIO COLORADO",1,260688,"Media baja",32.899793309246
"1345","SAN LUIS RIO COLORADO",1,260689,"Media baja",34.773175028373
"1346","SAN LUIS RIO COLORADO",1,260690,"Media baja",34.2106018663368
"1347","SAN LUIS RIO COLORADO",1,260691,"Media baja",35.0824505014317
"1348","SAN LUIS RIO COLORADO",1,260692,"Media baja",31.724474785721
"1349","SAN LUIS RIO COLORADO",1,260693,"Media baja",32.0059705907109
"1350","SAN LUIS RIO COLORADO",1,260694,"Media baja",32.9055478942975
"1351","SAN LUIS RIO COLORADO",1,260695,"Media baja",30.4063879960504
"1352","SAN LUIS RIO COLORADO",1,260696,"Media alta",28.0164405423698
"1353","SAN LUIS RIO COLORADO",1,260697,"Media baja",32.2746372640549
"1354","SAN LUIS RIO COLORADO",1,260698,"Media baja",33.4173413159331
"1355","SAN LUIS RIO COLORADO",1,260699,"Media baja",32.2757236514373
"1356","SAN LUIS RIO COLORADO",1,260700,"Media baja",36.4551176642635
"1357","SAN LUIS RIO COLORADO",1,260701,"Alta",33.2495175062881
"1358","SAN LUIS RIO COLORADO",1,260702,"Media baja",25.7935370037764
"1359","SAN LUIS RIO COLORADO",1,260703,"Media alta",31.5908164674313
"1360","SAN LUIS RIO COLORADO",1,260704,"Media alta",29.2334969813094
"1361","SAN LUIS RIO COLORADO",1,260705,"Media alta",31.6580672660447
"1362","SAN LUIS RIO COLORADO",1,260706,"Media alta",34.1862031251153
"1363","SAN LUIS RIO COLORADO",1,260707,"Media baja",31.4064936842003
"1364","SAN LUIS RIO COLORADO",1,260708,"Media baja",30.2241190043579
"1365","SAN LUIS RIO COLORADO",1,260709,"Media baja",31.9904559211974
"1366","SAN LUIS RIO COLORADO",1,260710,"Alta",28.6840033206661
"1367","SAN LUIS RIO COLORADO",1,260711,"Alta",26.8766478344292
"1368","SAN LUIS RIO COLORADO",1,260712,"Media baja",29.1668156776831
"1369","SAN LUIS RIO COLORADO",1,260713,"Media alta",28.4006003611128
"1370","SAN LUIS RIO COLORADO",1,260714,"Media alta",31.3038162912322
"1371","SAN LUIS RIO COLORADO",1,260715,"Media baja",30.9099602097421
"1372","SAN LUIS RIO COLORADO",1,260716,"Media baja",29.7926688257383
"1373","SAN LUIS RIO COLORADO",1,260717,"Media baja",27.9204673796968
"1374","SAN LUIS RIO COLORADO",1,260718,"Media alta",23.0294519522902
"1375","SAN LUIS RIO COLORADO",1,260719,"Alta",23.9990869120195
"1376","SAN LUIS RIO COLORADO",1,260720,"Media baja",27.7160519223012
"1377","SAN LUIS RIO COLORADO",1,260721,"Alta",25.8512087049455
"1378","SAN LUIS RIO COLORADO",1,260722,"Media alta",29.2439132633709
"1379","SAN LUIS RIO COLORADO",1,260723,"Alta",24.3963454034614
"1380","SAN LUIS RIO COLORADO",1,260724,"Alta",21.7659743435213
"1381","SAN LUIS RIO COLORADO",1,260725,"Media baja",25.737198195625
"1382","SAN LUIS RIO COLORADO",1,260726,"Media baja",25.2352728450534
"1383","SAN LUIS RIO COLORADO",1,260727,"Media alta",28.4390063179452
"1384","SAN LUIS RIO COLORADO",1,260728,"Media alta",21.143420245921
"1385","SAN LUIS RIO COLORADO",1,260729,"Alta",17.3646484930017
"1386","SAN LUIS RIO COLORADO",1,260730,"Alta",21.203461671356
"1387","SAN LUIS RIO COLORADO",1,260731,"Media alta",17.9266545196767
"1388","SAN LUIS RIO COLORADO",1,260732,"Alta",22.3511169190457
"1389","SAN LUIS RIO COLORADO",1,260733,"Media baja",24.4957432038499
"1390","SAN LUIS RIO COLORADO",1,260734,"Media baja",27.1707807538149
"1391","SAN LUIS RIO COLORADO",1,260735,"Baja",29.3183903660433
"1392","SAN LUIS RIO COLORADO",1,260736,"Baja",19.0347608311898
"1393","SAN LUIS RIO COLORADO",1,260737,"Alta",15.6453761097714
"1394","SAN LUIS RIO COLORADO",1,260738,"Media alta",20.4424059731459
"1395","SAN LUIS RIO COLORADO",1,260739,"Baja",24.0446186980937
"1396","SAN LUIS RIO COLORADO",1,260740,"Alta",23.4579698445809
"1397","SAN LUIS RIO COLORADO",1,260741,"Alta",21.4415277594145
"1398","SAN LUIS RIO COLORADO",1,260742,"Alta",19.0252733736195
"1399","SAN MIGUEL DE HORCASITAS",4,260743,"Media baja",32.8334045521207
"1400","SAN MIGUEL DE HORCASITAS",4,260745,"Baja",24.5440812398956
"1401","SAN MIGUEL DE HORCASITAS",4,260746,"Alta",5.0705643025375
"1402","SAN PEDRO DE LA CUEVA",4,260249,"Media alta",37.6537568389988
"1403","SANTA ANA",4,260252,"Media baja",39.7627924761247
"1404","SANTA ANA",4,260253,"Media baja",39.5222306107804
"1405","SANTA ANA",4,260254,"Media alta",33.2048084580847
"1406","SANTA ANA",4,260255,"Alta",29.8728602680454
"1407","SANTA ANA",4,260256,"Media alta",42.2103904816182
"1408","SANTA ANA",4,260257,"Media alta",34.3022449352911
"1409","SANTA ANA",4,260259,"Media baja",25.8297224162426
"1410","SANTA ANA",4,260260,"Media baja",30.357583438665
"1411","SANTA ANA",4,260262,"Media baja",29.7203287440014
"1412","SANTA ANA",4,260263,"Media baja",35.264728574144
"1413","SANTA CRUZ",2,260264,"Media alta",36.2930422047648
"1414","SARIC",1,260265,"Alta",31.6953802320412
"1415","SARIC",1,260266,"Media alta",31.9133905025617
"1416","SOYOPA",4,260268,"Media baja",27.5985013742013
"1417","SUAQUI GRANDE",4,260273,"Alta",31.7561611609364
"1418","TEPACHE",4,260274,"Media baja",39.060365770357
"1419","TEPACHE",4,260275,"Media baja",38.0287844935321
"1420","TRINCHERAS",1,260278,"Media alta",33.4020022587102
"1421","TRINCHERAS",1,260279,"Baja",24.3427339931396
"1422","TUBUTAMA",1,260281,"Baja",38.6144514373718
"1423","TUBUTAMA",1,260283,"Baja",36.0112417082818
"1424","TUBUTAMA",1,260284,"Baja",39.4838441476239
"1425","TUBUTAMA",1,260285,"Media baja",30.7759697617964
"1426","URES",4,260747,"Media alta",38.5203224463057
"1427","URES",4,260748,"Media alta",30.2121126259079
"1428","URES",4,260749,"Media alta",34.6330284106017
"1429","URES",4,260750,"Media alta",32.1197820023324
"1430","URES",4,260751,"Baja",32.8290347682619
"1431","URES",4,260752,"Baja",34.7623928224908
"1432","URES",4,260753,"Media alta",37.2154163395127
"1433","URES",4,260754,"Media baja",39.1265484722511
"1434","URES",4,260755,"Media baja",34.6457799691025
"1435","URES",4,260756,"Media baja",36.2214836861259
"1436","URES",4,260759,"Baja",42.7103670318274
"1437","VILLA HIDALGO",4,260286,"Media baja",35.0114859016035
"1438","VILLA HIDALGO",4,260287,"Media alta",35.2178110881618
"1439","VILLA PESQUEIRA",4,260289,"Alta",37.1385761125661
"1440","VILLA PESQUEIRA",4,260290,"Media baja",38.4639311059097
"1441","VILLA PESQUEIRA",4,260291,"Media baja",32.6206828505134
"1442","YECORA",4,261316,"Media alta",30.2996900690347
"1443","YECORA",4,261317,"Alta",28.8273406255483
"1444","YECORA",4,261318,"Baja",39.274277261079
"1445","YECORA",4,261319,"Media baja",14.1707590173131
"1446","YECORA",4,261320,"Media baja",25.3112187642851
"1447","YECORA",4,261321,"Baja",28.0363979326326
"1448","YECORA",4,261322,"Baja",38.7890221830281
